Date,spy,ko,pep,usdx
2018-07-31,0.004917249284596582,0.008615275458110559,0.007155995407146099,0.0013767251787247716
2018-08-01,-0.0016719193383122164,-0.005160253426984777,-0.012160503472805308,0.0013749130439728158
2018-08-02,0.0054327075439280365,-0.0045369944535437546,0.00946131347676214,0.005795847613919709
2018-08-03,0.004275666754793557,0.009482618226307523,0.013940223492780093,-0.00031526225558489067
2018-08-06,0.0036606820290032,0.0006433820742503163,0.009243338009372869,0.0023097251287020506
2018-08-07,0.0032969795104926397,-0.003220687853348823,-0.027290134247934847,-0.001469193131347154
2018-08-08,-0.0004204462740151955,-0.007555431000995541,-0.006411603195461417,-0.00126106307984043
2018-08-09,-0.0013667024915157504,0.004324244011010117,0.001848683377443491,0.004197293980333861
2018-08-10,-0.006722987864088577,-0.005841961942238129,-0.007326715494483313,0.008964936594062011
2018-08-13,-0.003750310940387208,-0.00544014733241133,0.0013280981562855336,0.00031127138302553225
2018-08-14,0.006360229325869852,0.0013084157046595103,0.0007076787349700664,0.003521171434844869
2018-08-15,-0.007495425165188861,0.004131731627751979,0.003089619343953498,-0.0003102559983949072
2018-08-16,0.008058831149033547,0.003033508055829142,0.007026963478672489,-0.0005171494582061529
2018-08-17,0.003514170953868725,0.00818782595190738,0.006195255636722604,-0.0057069213438016705
2018-08-20,0.002137803102811766,0.002786044641671239,-0.001044445007736348,-0.0020833022976758943
2018-08-21,0.002342431184489068,-0.010973870593578669,-0.00980069618882421,-0.006695980002562295
2018-08-22,-0.0005939324284966101,-0.006294006294696893,-0.013099630952430412,-0.001155408019255505
2018-08-23,-0.0013287030902322159,-0.005020295276483955,-0.002765883140969189,0.004927422143164621
2018-08-24,0.00600061452413993,-0.0015329566004904573,0.00196360649868413,-0.004927422143164607
2018-08-27,0.007864274160320366,0.0013140528387819224,0.0023158584725511038,-0.0038962061186109246
2018-08-28,0.0004828561472102456,-0.007028351671814661,-0.011092605599987173,-0.0006332196369235461
2018-08-29,0.005366404641511173,-0.0008817072501083121,0.007884649052903519,-0.0012677240951518974
2018-08-30,-0.00405672900969223,-0.008418474335815987,-0.0008035616739995823,0.0012677240951518567
2018-08-31,3.4627782994380405e-05,-0.00848975418949424,0.0004465450843594324,0.004424300565650013
2018-09-04,-0.0017236547219011214,0.004253838519673841,-0.009058033569053504,0.002938696309702065
2018-09-05,-0.002695176580386363,0.01375663956420191,0.018919124780103935,-0.0030438325520540533
2018-09-06,-0.003014462073993492,0.008557229408566402,0.0115866414941957,-0.0011569879164151293
2018-09-07,-0.0019454332344511697,-0.001093040584648502,-0.006718568161992983,0.0036767319599759034
2018-09-10,0.001737227323925627,0.007409073967570104,0.007335196681003086,-0.0023094826113242827
2018-09-11,0.0032918889810194816,-0.0008688669166469047,-0.0021157291906521067,-0.0009463642756501099
2018-09-12,0.000242404546238356,0.004769266751116315,0.004578003081292788,-0.002738804050556909
2018-09-13,0.005896915659994409,-0.00043627660107143447,0.009963433218419963,-0.00274640640340242
2018-09-14,0.00017202850167687662,0.0034850804007512753,-0.003659129461969144,0.004643343415447874
2018-09-17,-0.0053085758683418085,0.00714974277970337,0.0072185278047619565,-0.004960706854372974
2018-09-18,0.00541146563948936,-0.008455341060280437,-0.01238172763029366,0.0011632276203153396
2018-09-19,0.0010650697775762919,0.0006529194337746,-0.001844066523902344,-0.0007400718493795174
2018-09-20,0.008071478324310955,0.014687217409801777,0.012664501928385733,-0.006791911568653504
2018-09-21,-0.0009144106558004595,-0.0012872995301265444,-0.002693950208130955,0.0032955704153078045
2018-09-24,-0.003327441079463378,-0.011009428061710968,-0.023242772432088527,0.00042445793097913844
2018-09-25,-0.0009285471443869103,-0.008501233731356446,-0.0026756386543951424,-0.001380167778231193
2018-09-26,-0.0029963742444459656,0.0037145259580699985,-0.004206275774454016,0.0006372683742167752
2018-09-27,0.0027903960755098667,0.0034835632414151347,-0.004044089716528922,0.008562846845800118
2018-09-28,0.00010327288722121278,0.003904627030523733,0.006730991409766511,0.001998028310390433
2018-10-01,0.003468202376681454,0.0008655668295644352,-0.009797360143955647,0.001154922771867
2018-10-02,-0.0005831047376768295,0.006038355438065555,-0.01813839153493123,0.0022011337304110004
2018-10-03,0.0005486897906623919,-0.013856119114126804,-0.011098924092726654,0.002614107144679238
2018-10-04,-0.007846584054492041,-0.00043599342544217316,-0.00849946074840764,-0.00010445549713327534
2018-10-05,-0.0056128042923187125,0.0006542441707591266,-0.0011262508446443621,-0.0013585961388701397
2018-10-08,0.0,0.01299285595543162,0.01583787355435702,0.0015674165596049345
2018-10-09,-0.001460140880859444,-0.0019381806881498653,-0.0006473798087340726,-0.0009401550896224304
2018-10-10,-0.032175369979759866,-0.01542344539611095,-0.007240359809565702,-0.0017783169786584315
2018-10-11,-0.022272735730394212,-0.023030229876403067,-0.021469636913514105,-0.005143615983140148
2018-10-12,0.01379286409337055,0.0008957031627109096,0.0020916600364487975,0.0021026561561220056
2018-10-15,-0.005633031324687868,0.0051343307146207474,0.0033190572929857813,-0.001576557425263519
2018-10-16,0.021630440471623803,0.012832190504287893,0.016524713757399216,-0.00021035811962194886
2018-10-17,0.0001783157436044565,0.008100784382268087,0.008530275360325846,0.005560511266005637
2018-10-18,-0.01454630362645273,-0.005466177068352037,-0.0035145856038263043,0.0033423854932270003
2018-10-19,-0.0005430017864485648,0.01566241824062828,0.021630473874649614,-0.0019832211583627486
2018-10-22,-0.004498911590633708,-0.00780035999628239,-0.008102282620556511,0.003129598317439491
2018-10-23,-0.005103564137121768,0.008447644137552371,0.006650509501039284,-0.0005209465288399017
2018-10-24,-0.03076700171308065,0.007949458977200239,0.02537233064536191,0.00488593125625678
2018-10-25,0.01778126912776117,-0.004719124680592323,-0.0009743305333176428,0.002589199304805741
2018-10-26,-0.017743673991004884,-0.012766455737157989,-0.02149663489532046,-0.0033153749110911316
2018-10-29,-0.005555639034512519,0.011690897860448019,0.02185108074680748,0.0022805153235918667
2018-10-30,0.014709782991064197,0.024871104697576817,0.007764856227571104,0.00444238858957794
2018-10-31,0.010624063893908804,0.005235229298950581,-0.012292859038876322,0.001236171142941447
2018-11-01,0.010585735937527546,-0.0029284582691428054,-0.007771636677843666,-0.008789658900664616
2018-11-02,-0.0059406820818548025,0.005431541953752634,-0.003053775962659139,0.0026968394795528266
2018-11-05,0.005501879282796575,0.01427259322023639,0.028553221095987177,-0.0019700606922040892
2018-11-06,0.0063079100755940865,0.008589068705383259,0.007142799530725045,-0.0003114006313841299
2018-11-07,0.02118278096302287,0.00528007371109153,0.00346579571351294,-0.003327786924321495
2018-11-08,-0.0018164758163920199,-0.0008104068812874398,0.003884961572696192,0.0066445364029446095
2018-11-09,-0.00981651520489306,0.007070156757211102,0.01216080808804237,0.0027900226644436868
2018-11-12,-0.018861647267488502,0.003816890081422683,-0.0043506341667082955,0.0064798091328552585
2018-11-13,-0.001873012612972934,-0.00020035961325196117,0.0014523395398570941,-0.002463539111703472
2018-11-14,-0.006859908069413556,-0.0020077781261315162,-0.004191686127090583,-0.005151994747421748
2018-11-15,0.010382530970317723,-0.00040173119512418006,0.0012849669657980108,0.0013420458439761971
2018-11-16,0.002597170968055994,0.00860759072814291,0.013183314055744367,-0.004756979816761442
2018-11-19,-0.017059111087937312,0.00675407237277803,0.00556096128644649,-0.0029066642905637044
2018-11-20,-0.018679693915444752,-0.02262582703796765,-0.025617076870097812,0.006424841967840531
2018-11-21,0.0034019123821566223,-0.013250607196469701,-0.006226344259941134,-0.0010334692513031467
2018-11-23,-0.00670120274425282,0.005933723764795719,0.0011271032461812724,0.002169076793748075
2018-11-26,0.016015294539746303,-0.003064849498465074,0.003891534572109013,0.0015464875243705772
2018-11-27,0.003358999638875832,0.010179125844347003,0.004993649312759603,0.0030858186180851644
2018-11-28,0.022764145168538235,0.0068633138907356955,0.017536765184000602,-0.005974490578445382
2018-11-29,-0.0021874937876714003,-0.006917556683389186,-0.001942817335956275,-0.00010334386790452241
2018-11-30,0.0060765666086718805,0.028578930920609938,0.030559060234871094,0.005050233617851522
2018-12-03,0.01315493153778216,-0.014187417093984184,-0.024573794696142598,-0.0023673082995181033
2018-12-04,-0.03293930339008911,-0.0022159760607436945,-0.009967106294740239,-0.0007216091654138691
2018-12-06,-0.0015181773709629647,-0.0040421776504196184,-0.0002780920068119379,-0.0016513953914703804
2018-12-07,-0.023510159979644122,-0.005890268856021028,-0.008768335606456842,-0.0031036174595921915
2018-12-10,0.0018952070121610524,0.003051034090686303,0.0031896164243155815,0.007329812119545989
2018-12-11,0.00022729156145040756,0.006074197565199247,0.009422643206137362,0.0017470655326213172
2018-12-12,0.005022647035695922,-0.006480424556967674,-0.0024754256719405447,-0.003600255635690914
2018-12-13,-0.0003389736233375541,0.005066570847736295,0.011472247921046239,0.00020604475316177324
2018-12-14,-0.01863734712333286,-0.0026315090298351146,-0.03788649484295291,0.003907510193577321
2018-12-17,-0.019813493190312278,-0.020682559031917052,-0.009523032555231115,-0.003495469434300203
2018-12-18,-0.0010970071271786826,-0.00020704859136691509,-0.009167487592380005,0.0004118710516137875
2018-12-19,-0.015088933831054809,-0.008729857463815273,-0.01622530208603311,-0.0010299565640528015
2018-12-20,-0.01641201554676284,-0.007544116985913269,0.0015435950310422229,-0.007862673834137246
2018-12-21,-0.020702423688555856,0.0006306694793362359,-0.007193859716602447,0.007037912642491261
2018-12-24,-0.02677820914483631,-0.034430768623921436,-0.03147178756318372,-0.0042374723961053525
2018-12-26,0.04928986458231574,0.02109876101421051,0.02146022946326914,0.005165300577651703
2018-12-27,0.007648106240481201,0.012490937540761771,0.010011558099914539,-0.0058905732872680545
2018-12-28,-0.00129085978537611,-0.006967095746845938,0.00855408926140592,-0.0009333123091904052
2018-12-31,0.008720659941869654,0.003172831633297594,0.00108679239493096,-0.0022850157791519956
2019-01-02,0.0010398554758331354,-0.00890976371583496,-0.010921213007781816,0.006736141674937097
2019-01-03,-0.0241521986817222,-0.006198546690482437,-0.009377628783531586,-0.005281451136241998
2019-01-04,0.03294697728073249,0.019743644588815,0.020298841791313534,-0.0012467026777095323
2019-01-07,0.007853781897901544,-0.013118782497077208,-0.008636132212708252,-0.005002650903429855
2019-01-08,0.009351472611700041,0.011225044941221968,0.00954081542863001,0.001983221158362685
2019-01-09,0.0046625855561654205,-0.019351828835285786,-0.028341428217784945,-0.007115981214347269
2019-01-10,0.003521269031366189,0.010679158955278578,0.006121206188253354,0.00335500095828451
2019-01-11,0.0003863574222249715,0.005719738932809689,9.26175597049121e-05,0.0013597330063223076
2019-01-14,-0.006119580027988581,-0.004021348887462069,-0.007796665818193684,-0.0008365767857184733
2019-01-15,0.011395486779797865,0.008868017390514843,0.015441186691174818,0.003967481584089056
2019-01-16,0.0024169130748594,-0.013758053267046187,-0.005981730327042503,0.0009373154720789112
2019-01-17,0.007558301336707413,0.0029793239140448757,0.008089778739396923,0.00010411842380147599
2019-01-18,0.013222203625046688,0.011619536926242836,0.007752258078801412,0.002806473944679403
2019-01-22,-0.013602895993137508,0.0023077399645918197,-0.0014545694136405293,-0.00041521269553680814
2019-01-23,0.002090458325411391,0.011459659771068033,0.007433103329932168,-0.0018709110514125024
2019-01-24,0.0005312175026111127,-0.012088700907624459,-0.011170515572608408,0.004981285979845186
2019-01-25,0.008426011370689034,-0.006732752441843079,-0.0013707668799423731,-0.008420420470173488
2019-01-28,-0.007629591778828442,-0.004230982926343221,-0.004858598737900179,-0.00041767689169542764
2019-01-29,-0.0013276370944717755,0.004864450695960325,0.0016527908675178621,0.0007308002093346978
2019-01-30,0.01570668709299091,0.009657864371982858,0.01655927000762137,-0.005022016904459742
2019-01-31,0.008744121487692361,0.005625501858183895,0.016555977858340783,0.0025142009416812875
2019-02-01,0.0004815495541709588,0.011773411698017412,-0.004269234464342859,0.0
2019-02-04,0.007010760092063559,0.011230086788960559,0.007990041921338833,0.0028208412648959165
2019-02-05,0.004183055075120447,0.00020322513025106855,-0.001681615514698801,0.002604846526007075
2019-02-06,-0.001318975958164923,0.0,0.0013279158028044046,0.0033243298888583233
2019-02-07,-0.009578607071006372,0.003242744679333118,0.0003536997118944313,0.000933022066781138
2019-02-08,0.0012207183407894312,0.0016173521041544518,-0.0006191863046952447,0.0013460758169269156
2019-02-11,0.0005541201520897214,0.0022199803596524696,-0.0004423625016340567,0.004336590952711256
2019-02-12,0.012777869437693153,0.0010071530360898863,0.007232269054285473,-0.0036125185613491797
2019-02-13,0.0032415688150667097,0.0026145743169015082,0.0028958954241097594,0.004333458874714606
2019-02-14,-0.00222070177143595,-0.0881259601902589,-0.013497734881814832,-0.0015454528449521325
2019-02-15,0.010838279406042562,-0.00770660488657935,0.029061194185178527,-0.0006189292360145267
2019-02-19,0.001728962965612528,-0.009104138889904467,0.0001724657216009842,-0.004135671078728945
2019-02-20,0.002013641668379566,0.006004677418378362,-0.0008629154390869062,-0.0007254982662519485
2019-02-21,-0.003562110898985215,0.01671103161660027,0.002328287573528517,0.0016575541361932384
2019-02-22,0.006180580280105056,-0.012727758005528738,0.005668612129653514,-0.0010356097932493662
2019-02-25,0.001360405947765791,-0.007537184144707363,-0.006013212438918132,-0.0010366833928195224
2019-02-26,-0.0007154751441961418,-0.005578430167218046,-0.0007757851477327378,-0.004261777193198242
2019-02-27,-0.0004299460915684877,0.005578430167217929,-0.005187266056597855,0.0015612964367278633
2019-02-28,-0.001864198938606311,0.008861206193639662,0.01040947973776023,0.00010402096583284309
2019-03-01,0.006224373834286155,0.0008819570690397409,0.004658753353227752,0.0038403193442849287
2019-03-04,-0.00364404645905542,0.005932209522008921,-8.60312343971139e-05,0.0015527307771561066
2019-03-05,-0.0013609904833005119,-0.0010962286089759804,-0.0012058595019578508,0.0017568151060931927
2019-03-06,-0.006075382927524494,-0.0032947045216828305,0.005414989042310184,0.0002065276936401051
2019-03-07,-0.008400682196793546,-0.003747255509322314,-0.004811841749147409,0.008224528920454022
2019-03-08,-0.0020019594989691006,-0.009764785598160582,-0.007521849284547932,-0.0030762475136783527
2019-03-11,0.014397096906857592,0.029446026990436223,0.0117335111469373,-0.0015417190249468634
2019-03-12,0.003763962676797579,-0.0028189749768985127,-0.00017167851206231524,-0.002884208571455564
2019-03-13,0.006597298419129707,0.0036847133411918222,8.5949838415894e-05,-0.0040312151193654016
2019-03-14,-0.0006397263636484272,-0.0026223184362575247,-0.009307260704513695,0.0024826521373223884
2019-03-15,0.0049284053328856586,-0.008791245962273915,0.0013842329995691779,-0.0019649671972771826
2019-03-18,0.0036191742348753975,0.0024251871695112116,0.01382417807477444,-0.0008285194454623186
2019-03-19,0.00024783607615357013,0.0032979246511508015,0.0069680400643245015,-0.0014515232624028693
2019-03-20,-0.003014414789619569,-0.0006586969761159672,0.0019457213794072184,-0.0064535991568705165
2019-03-21,0.011231357980162553,-0.0004394032055731095,0.009421353452710828,0.007697924787051676
2019-03-22,-0.019433925433711124,0.00918634154769772,0.010659800070100221,0.0015532130970757159
2019-03-25,-0.000752314441580103,0.0021750371418998446,0.0010762013569458476,-0.000828090623340484
2019-03-26,0.007426414147683625,0.01316512732386754,0.009634930482389755,0.0017588144939775642
2019-03-27,-0.005242923854758464,-0.0006434392204560119,-0.0010660128447343932,0.00031004889038054257
2019-03-28,0.0037836076757917347,-0.00064367341976744,-0.0004103444349914277,0.004433685866674073
2019-03-29,0.006285494450636449,0.00599293950592953,0.00581043688658695,0.0008227255998030354
2019-04-01,0.011789403556268266,-0.0029920701150342815,-0.0044980495427144225,-0.00030842317095490464
2019-04-02,0.0004897676997886626,-0.0032156393804918335,-0.0026264993119083503,0.0011304724497337901
2019-04-03,0.0015724067969863464,-0.008409669794635985,-0.0009866330578625472,-0.00277710928494477
2019-04-04,0.002649838116730199,0.006475112555886721,-0.0007404602500255984,0.0022633880815973464
2019-04-05,0.004828451040258752,-0.00021505163916713695,0.001233932615645689,0.0009244925696552881
2019-04-08,0.0007624453520833538,0.0017200205694074349,0.003119660004150692,-0.003599885254366485
2019-04-09,-0.005138241607872096,0.002574496410961963,0.0013925481845924546,-0.0004122530663143874
2019-04-10,0.0034051863842324602,-0.0006430254726328944,-0.001064703271703685,-0.0006187377829022478
2019-04-11,-0.00027769679547645903,0.0014998997307812132,-0.0030364183597737502,0.002369581907057722
2019-04-12,0.006743189382126569,0.000641882566329731,0.004591994666487928,-0.0021632672131551888
2019-04-15,-0.0006549195454481119,0.005547188899987513,0.011631442839232498,-0.0003094093029720691
2019-04-16,0.0006549195454481427,-0.0010644384405330918,-0.010159860590432399,0.0010310184683860466
2019-04-17,-0.0024499120637996776,0.0070043390771318695,0.036889714646522694,-0.00030918607641405036
2019-04-18,0.0019673289985142214,0.004221098743950749,0.0006297306432373892,0.004730562879087752
2019-04-22,0.000861568498986175,-0.001686301979704738,-0.005127567688626382,-0.001951245203493584
2019-04-23,0.008951586420398979,0.016944176451434315,0.00512756768862641,0.0029766603225857232
2019-04-24,-0.002221866528386452,-0.004782209446647998,-0.001338602859758785,0.005417285024899872
2019-04-25,-0.0006161413758162621,-0.002922036273263443,-0.006243740350183406,0.0010188332664601654
2019-04-26,0.0046459765463518245,0.008740965632300392,0.0021383411289801774,-0.0019366482063220283
2019-04-29,0.0015664917915581195,0.003309901112859269,0.002291703642321918,-0.001531643979169652
2019-04-30,0.0005102800712875908,0.013130869413337059,0.010677646975748314,-0.003890628903807604
2019-05-01,-0.0075447879876178025,-0.009626175453561377,-0.0063457529901220725,0.0021519614620567028
2019-05-02,-0.0021614322998857807,-0.004124645259519174,-0.003227507973547582,0.0014320725298226226
2019-05-03,0.009740236970945533,0.006796695196206815,0.006601215405685255,-0.0031738464360480108
2019-05-06,-0.004123895139501806,-0.005144691172856727,-0.0031380857634515594,0.0
2019-05-07,-0.016840557457107868,-0.009744183021324787,-0.010187543107798284,0.001127344355029096
2019-05-08,-0.0013902136915281387,-0.0031298426096766654,0.00031742324858361344,-0.00010237651057280918
2019-05-09,-0.003030443739722691,-0.009448824569287391,0.00023810019885617232,-0.0025642353960980972
2019-05-10,0.005011119357129347,0.016529204764968802,0.015429695805456972,-0.0004108979470948254
2019-05-13,-0.025451729035006244,-0.002909371616725349,-0.00666215516194742,-0.00010277047172739629
2019-05-14,0.009003107599838132,0.013231575579913666,0.0019640306198391733,0.002155495688218043
2019-05-15,0.005840480491748562,0.010013370464249376,0.01511172200258843,0.0004100555243534865
2019-05-16,0.00921852559865362,0.008100387613142829,0.007087123500896699,0.0027633879572475633
2019-05-17,-0.006485853733042992,-0.007693767692074473,0.0018406088818977897,0.0016340247212281787
2019-05-20,-0.006634311716960186,-0.007139186201207108,-0.003992244585148293,-0.0007145378216042793
2019-05-21,0.008975388299723589,-0.0051308790277553645,-0.007257520484272303,0.001326570477053818
2019-05-22,-0.003076264523253745,0.0213747698971493,0.00787281908834457,0.000509793070372368
2019-05-23,-0.012293765573668168,0.004020097274473379,-0.0007690865432078245,-0.002653626148370028
2019-05-24,0.0022657523619817104,-0.004826042807636773,-0.0036227664840297906,-0.002455724808188649
2019-05-28,-0.009344082667219441,-0.010333428738205164,-0.014545441455623056,0.0035792692982014075
2019-05-29,-0.006733343296081647,-0.010029768101065796,0.004221886698660217,0.001835801704528244
2019-05-30,0.00272780116165249,0.01308022215357136,0.0034271792637162435,0.0
2019-05-31,-0.01356705079098503,-0.00243955007240807,-0.0047543655266608885,-0.00398182557708955
2019-06-03,-0.0025460602924834005,0.017152999375913136,0.007627169153618611,-0.006259968231091945
2019-06-04,0.021474159703726858,0.00040019659667303483,0.000697554386478214,-0.0007208660541215514
2019-06-05,0.008625022619717839,0.015479503022672068,0.01781513114042191,0.0030858186180851644
2019-06-06,0.006481642819209004,0.012135683920006222,0.011775438341256382,-0.003497986741816167
2019-06-07,0.009957350743615452,0.001749462039797549,0.01122618022535248,-0.004337934609427309
2019-06-10,0.004578216048744337,-0.002138674581402651,0.0008987092361613279,0.0015514459723424503
2019-06-11,-0.00024220061174477103,-0.0009736537691586147,-0.002923732005804706,-0.0007236980741580867
2019-06-12,-0.0017667425285411357,0.006021151748199078,-0.0004505074261277529,0.0032009687580950587
2019-06-13,0.004117591114946368,-0.0021492227161252556,-0.0015032416317367749,0.00010310949053337827
2019-06-14,-0.0011052999415822207,0.003514457178341442,-0.001580752542822464,0.005755977998179947
2019-06-17,0.00037972116601750445,-0.008612355338327262,-0.0015835664666377846,-0.0001025176690412685
2019-06-18,0.010416759136259496,-0.004531653760648913,-0.00347715971185036,0.000819690950664302
2019-06-19,0.0022548151039940225,0.009434109012072874,0.005964381378745928,-0.005339883682238628
2019-06-20,0.00950871343414683,0.01050793136287716,0.009812421255168537,-0.005058132003962697
2019-06-21,-0.0014548116220309448,-0.002131650089455422,-0.00149186547702836,-0.004251974629626087
2019-06-24,-0.0012248441500131324,0.007151945554474829,0.0013427114096383435,-0.0024973775524480095
2019-06-25,-0.009856541034125997,-0.0030863669500523702,-0.002463149973859453,0.0018736374649532968
2019-06-26,-0.0009978388671741285,-0.012441859877844078,-0.011197743361462432,0.0005197839868493386
2019-06-27,0.003539745595367541,-0.0007826426714789344,-0.0047725212279371865,-0.00020786531164056955
2019-06-28,0.005132454567447019,-0.003137445955895849,-0.00426158017400204,-0.0006240140394201017
2019-07-01,0.009037752742226141,0.013265865093290516,0.005627295797309595,0.007358680747589563
2019-07-02,0.0026008918422431226,0.007337366531833647,0.004237779228302912,-0.0011364673551580555
2019-07-03,0.007963286600555184,0.0023059184088242623,0.011710985404944444,0.00041336730441638586
2019-07-05,-0.0011384555657088628,0.00019192672243954978,-0.0072656800911670705,0.004947988295522141
2019-07-08,-0.005510150684136502,-0.002113142614586464,-0.003464067126443218,0.0013358400512131527
2019-07-09,0.0012460807833271352,-0.007915731574058742,-0.006205079591039676,0.0011289641791076164
2019-07-10,0.004766423498304895,0.004448230041661007,0.020064545924965874,-0.004008427146107153
2019-07-11,0.0023417318925042195,0.0042365428315277835,-0.0004464508551351086,-0.0005150185225385936
2019-07-12,0.00446665625858071,0.0015360710557376404,-0.007996125551867257,-0.0024760715467845346
2019-07-15,0.0003325972550065193,0.0001918530636568494,0.006506309930471949,0.0012388021394845383
2019-07-16,-0.0032302852727164014,0.0001918162631188428,-0.0026124992746684667,0.0048371546616665035
2019-07-17,-0.006828534392859987,0.0007668973292787601,-0.007652262263155931,-0.0018497621411972275
2019-07-18,0.0036545049642722773,-0.0028789825709610133,0.000752746764769995,-0.004432771553498426
2019-07-19,-0.005570401534673522,-0.012376652787460474,-0.021220042917982268,0.003712498909969709
2019-07-22,0.002453198293984398,-0.003313633119008566,0.0014594230964578038,0.0011316354098901474
2019-07-23,0.007124663958192108,0.05894651822599055,0.003524773650572673,0.004616071646647899
2019-07-24,0.00468860626095338,-0.010174948791177873,-0.01177173504539298,0.00020471011339450422
2019-07-25,-0.004788453741086485,-0.01328984004677429,-0.0017041715685920625,0.0009204432916388993
2019-07-26,0.0066775537907214425,0.020515377264490074,0.017140481694883164,0.001940484085691869
2019-07-29,-0.001822746107204925,-0.0033283652555719154,0.0023595927564163616,0.000306031921081658
2019-07-30,-0.0024577146545578382,-0.005013334325707498,-0.008014967600548413,0.00010201576864480276
2019-07-31,-0.011000787427948838,-0.02049906497378192,-0.020675236883394597,0.0047819554118503005
2019-08-01,-0.008746091867442926,-0.011466056190997961,-0.00525592145506212,-0.001320372504427066
2019-08-02,-0.0075579257108965995,0.005749461811048265,0.006116204866248264,-0.0029518156572877624
2019-08-05,-0.030534722606908364,-0.013079509971227725,-0.02790285575468108,-0.006134973013194671
2019-08-06,0.013925666738328938,0.011932243149806603,0.01634486503587279,0.0013324171012161071
2019-08-07,0.0005905289372593763,0.017259908024896468,0.01046304407506594,-0.0009222354369379221
2019-08-08,0.019430184401877274,0.009544314415143617,0.01313918495522265,0.000819858926365172
2019-08-09,-0.006834994204825162,-0.005041573322943777,-0.006742354610836759,-0.001332631865568523
2019-08-12,-0.012247839748638795,-0.004126795987805622,-0.0019458831747143474,-0.0011289641791076938
2019-08-13,0.015432064669300449,0.0056232154440827055,0.012234770257807942,0.004405973791930665
2019-08-14,-0.03001386029482068,-0.009578216308298745,-0.006253594640240109,0.0018386145055329314
2019-08-15,0.0026384400140226213,0.016470301885656034,0.012315457941951406,0.0015296135953325337
2019-08-16,0.014647142580226914,0.009974180259303878,0.007924509156291223,0.0
2019-08-19,0.011976005658547584,0.005133015807441618,0.0061286153612495585,0.002137504877720227
2019-08-20,-0.0076922356512496865,-0.014921497641226656,-0.003854311323146451,-0.0016281272749836817
2019-08-21,0.008102586425084303,0.0040749728254650544,0.002117898380100981,0.0011196561531680847
2019-08-22,-0.0003081019265687037,0.007182873674561918,0.002415375235910648,-0.0013234071459158436
2019-08-23,-0.026022830403357036,-0.013859528712075901,-0.018180536630319398,-0.00541341177883454
2019-08-26,0.010997567668039098,0.01477666245802396,0.02628844390142269,0.004496251583173567
2019-08-27,-0.003931300347934881,0.003294932040735553,0.007597849304486055,-0.0008160121863206838
2019-08-28,0.007016795769638122,0.0071018536392836685,0.0031857479584587803,0.0021405551769712607
2019-08-29,0.012692289577519554,-0.0010893619281742554,0.006120699973075855,0.0030500537054619433
2019-08-30,-0.000444420337336376,-0.00018160014118243661,0.005206294340180859,0.004153336589750415
2019-09-03,-0.005864525263194948,0.004712724720271808,0.005324782229398522,0.00030321706440593907
2019-09-04,0.01128656804347651,0.00846324530766945,0.012219487032419502,-0.005065867120075074
2019-09-05,0.01277348526074396,-0.011723487455065861,-0.016157899543269922,-0.0004063119634158585
2019-09-06,0.0007719123662632542,0.0019934989744245955,0.010170400048985633,-0.0002032954493865235
2019-09-09,0.0005031514486039839,-0.012938511927353858,-0.007086467090105861,-0.0011186314419722764
2019-09-10,-0.00023474397019616165,-0.002203604563528711,-0.003966625467417784,0.0005086521812793872
2019-09-11,0.0070857175492687425,0.006778675942592738,0.0036732869346917866,0.0032490605226349663
2019-09-12,0.003458103116259635,0.006188421070346789,0.006797008082190655,-0.003452521391146258
2019-09-13,-0.0006643240450836887,-0.008259209431841196,-0.006210357004293732,-0.0005086780639868212
2019-09-16,-0.0030934507416622136,-0.005544230652632492,-0.011499597253349762,0.0039611994551330635
2019-09-17,0.002528979375926815,0.005175641145294494,0.006061120168074023,-0.003961199455132959
2019-09-18,0.0005977404318534803,-0.00018442189596461745,-0.001474887942787149,0.0034541976520513214
2019-09-19,-6.664519683695132e-05,0.005333413648505664,-0.00014751176992330216,-0.0033524879191186474
2019-09-20,-0.0047358520364734384,-0.011251718275197282,-0.005699703979823574,0.0024393293389793013
2019-09-23,-0.00023466697892930645,0.004257433115972092,0.005404373232942173,0.0009131585801393265
2019-09-24,-0.007877774178206757,0.002950806773712542,-0.0005911653382440533,-0.002640421388617224
2019-09-25,0.005897523165540512,-0.0023969526482366292,-0.0019965240714339945,0.007092993435774775
2019-09-26,-0.0020855347801504165,0.004052934521455257,0.004652632174576988,0.0017149882533332049
2019-09-27,-0.005401811704885793,-0.0014717976943014871,-0.0008843843649199883,-0.0010084558566931963
2019-09-30,0.004626986426970241,0.002390781143478229,0.01100116387344262,0.002720507960061469
2019-10-01,-0.011965801552432478,0.003850171814893959,0.001967639816380724,-0.0025187661990677145
2019-10-02,-0.01782266067303001,-0.02914897268639018,-0.025286234553588686,-0.0009082741576337149
2019-10-03,0.008159275748028761,0.014216322576379694,0.029354196776749067,-0.0018191041275906017
2019-10-04,0.013441424609239326,0.012917688225940513,0.016894146968944503,-0.0005059245539288802
2019-10-07,-0.0043238643531079615,-0.012360595404412268,-0.0139259214305207,0.001820023852667955
2019-10-08,-0.015646645939724705,-0.005397787009525568,-0.00798305567261635,0.001514173084516282
2019-10-09,0.009451786589163652,0.004654978758294904,0.004434934048956628,-0.00020172140541462153
2019-10-10,0.006740684019431319,-0.0031630667075444184,0.0002899306741412652,-0.004145015875675361
2019-10-11,0.010313496906009282,-0.0067315512672834615,-0.0018147566020724976,-0.004162190956407235
2019-10-14,-0.0011144287272424624,0.0,-0.0013812588729435916,0.001524715888616756
2019-10-15,0.009851672636598557,0.003932127241548824,-0.008181787258748447,-0.0016264721939960077
2019-10-16,-0.0016073206073666047,-0.0003736794280989622,0.0006599758364544064,-0.0028527658159559956
2019-10-17,0.002944713034139301,0.005592886541974139,0.003950674357314061,-0.004089582637299097
2019-10-18,-0.004386863692004814,0.018237498251110113,-0.005197654587614146,-0.003386547770324567
2019-10-21,0.006756455571838627,-0.010090921492275907,-0.0009545950978352045,0.0005138795817415408
2019-10-22,-0.0032719974871775735,-0.00703182004330446,0.003959484307018715,0.002052725216490631
2019-10-23,0.002905146556298871,0.014563778663566961,0.00576390244341058,-0.0006153595947385376
2019-10-24,0.0016328025028398807,-0.0005491643458011906,0.0031960154750160425,0.0016401442320135907
2019-10-25,0.00408659487183725,-0.015873514987296836,-0.0091064172500306,0.002046502081018899
2019-10-28,0.005620495048141699,-0.0033543992342843416,-0.0005124369197426862,-0.0007157799109669424
2019-10-29,-0.0002966553518543229,-0.002991077816932819,-0.0035943095088614013,-0.0007162926188557948
2019-10-30,0.0030626300338620943,0.009874262814381753,0.006007651086318778,-0.00040955170752591836
2019-10-31,-0.0026669346375032686,0.00904316711766345,0.0019703324482355363,-0.0030769568046334138
2019-11-01,0.009221325729301802,-0.009784934414284827,-0.001751307861775442,-0.0011305886647711926
2019-11-04,0.004009623361931067,-0.014200616511647928,-0.013010328887129012,0.002772831275553376
2019-11-05,-0.0011067771141594783,-0.013641582881457042,-0.008544979262239542,0.0048084517170082835
2019-11-06,0.0002280299017579301,0.0072227972163196015,0.0032036537194721653,-0.0003062972375773831
2019-11-07,0.0035104681886143326,-0.009705899936148081,-0.00836573832130138,0.0019379112082973135
2019-11-08,0.0024631418700423657,-0.0015311883219730601,-0.0014261093012616945,0.002137504877720227
2019-11-11,-0.0019115106992052397,-0.0071120750431489,-0.005574132764310852,-0.0015263450368287173
2019-11-12,0.002105657028694586,-0.002510760017740957,-0.003101647334913678,0.001119542261623349
2019-11-13,0.00032356196691698034,0.013446221741176826,0.00987668769423213,0.0006101809005178846
2019-11-14,0.0014547859713420262,0.004188909782274978,0.00030015528115079907,-0.0021370697353896044
2019-11-15,0.007210372483412729,0.0007595814538009308,0.0035936905546627815,-0.0016313590396361444
2019-11-18,0.000737309318764476,0.006811874166438151,0.0018665898321042268,-0.002145146984210623
2019-11-19,-0.00028846530855066013,0.0009425403122905289,0.0037969616111277497,0.0007155604116033268
2019-11-20,-0.0037256575622416337,0.0026339927891727032,-0.006186828913461956,0.0007150487510028528
2019-11-21,-0.0016101512628323405,-0.004897380979442689,0.001270307086374695,0.000612469998264637
2019-11-22,0.0022211151567722394,0.0013208478779793602,0.001194100066831177,0.002853347366793373
2019-11-25,0.007720486805043138,0.0035765331014633536,-0.0017916546266076342,0.0005087039398503812
2019-11-26,0.002262865542016387,0.012696205250642432,0.013876133128849636,-0.0007122114045053861
2019-11-27,0.004447820731472727,0.0009273337713652834,0.0015464876016594825,0.0016272113742997409
2019-11-29,-0.0037155819234225957,-0.0028052423734156143,-0.0005888791361344015,-0.00142370390964475
2019-12-02,-0.008530884015509374,0.006532857463798199,0.0003680298140862241,-0.0041808661160609665
2019-12-03,-0.006729229964925211,0.0009298129228015552,-0.0030957529322635526,-0.0012270221122121542
2019-12-04,0.006151308504978272,0.00906659883298105,0.0134921525922757,-0.0009211970370645112
2019-12-05,0.0017963732971988471,-0.0018436079504598587,-3.681006813644755e-05,-0.00246076057102523
2019-12-06,0.009092632298048289,0.004235341190648008,0.007453504999117749,0.002972615435067598
2019-12-09,-0.003149098600957245,-0.006452166662081793,-0.0014572274975538366,-0.0006142885390111692
2019-12-10,-0.00111591563824278,-0.0055638121350759405,-0.006510089415341584,-0.0023583268960564625
2019-12-11,0.0028349268388752733,0.0033420614280623277,0.006072447429035441,-0.0025697705521583207
2019-12-12,0.008581949935346531,0.0035155339227206455,0.000583163853536198,0.002467084489092802
2019-12-13,0.0005990150266209174,0.0051583834463746845,0.005524811899307932,-0.0023642233070768786
2019-12-16,0.006846407624716269,0.0,-0.006399803954147041,-0.001029638427258675
2019-12-17,0.0002190315791870053,0.0,-0.006514616631145756,0.0014412128346793487
2019-12-18,6.279875366419945e-05,-0.009415675288693052,-0.0014696130432935999,0.002055334962721688
2019-12-19,0.0040907014687627296,0.007576475540317775,0.00367011017959046,0.00010259720526384372
2019-12-20,0.004374481895450536,0.011895110281832292,0.01056920340389084,0.0029723890034826007
2019-12-23,0.0015265540221650119,-0.0010920706248967048,-0.006401089308414693,-0.0005118024543353672
2019-12-24,3.108574540760484e-05,-0.0036490227935044592,-0.0010950074685539698,-0.00010242318338562411
2019-12-26,0.00530923221126472,0.005650130329577241,-0.0014621156657873492,-0.000614681320776069
2019-12-27,-0.0002479831321547852,0.005979926240104791,0.006199340408719548,-0.006889114572020835
2019-12-30,-0.005528424090792327,-0.0014462795970979125,-0.005321743153329445,-0.001858931743237913
2019-12-31,0.002426478605412921,0.0014462795970979442,-0.0010238788553480554,-0.0036244898488808513
2020-01-02,0.009308439714411308,-0.006525204475230155,-0.006238747851753676,0.004760918634158697
2020-01-03,-0.0076011006815484665,-0.005470622757028527,-0.001399873006670394,-0.00010327984415574736
2020-01-06,0.0038078212341120994,-0.0003656794711728407,0.0038264546172608483,-0.0017569967185531493
2020-01-07,-0.0028156576573447087,-0.007711984404590497,-0.015842798868171613,0.003201708756683483
2020-01-08,0.005315299976170613,0.001841495139774528,0.005135694478270139,0.003294214264470894
2020-01-09,0.006757740669810898,0.018051427257824746,0.00066790139950787,0.001540374081053393
2020-01-10,-0.0028818389763912455,0.003427384007628876,-0.0019307919621256533,-0.0009239396891402586
2020-01-13,0.006853776520155529,0.010747013463773788,0.014757113780196538,-0.00010273880423501726
2020-01-14,-0.0015256979154531106,-0.0023187845458299892,0.0023410498661812665,0.00020546705429241687
2020-01-15,0.00225724928528327,0.012422616731876005,0.01702625604950695,-0.0014388428510839087
2020-01-16,0.008284126022836978,0.0021141078026065924,0.002941382298403662,0.000925174432261699
2020-01-17,0.0031074906718721144,0.002109647778120403,0.011749100101689456,0.0029754386603104773
2020-01-21,-0.001960066173946082,0.0040312729382488794,0.004238321471766817,-0.0008199429720924455
2020-01-22,0.00012074512921099052,0.007666883012975171,0.010658010506802547,0.0
2020-01-23,0.0011461616448435392,0.003811475216801415,0.001881261221662788,0.0016392141884711308
2020-01-24,-0.008932707722385847,-0.002597072556826092,-0.0050945846696735485,0.0016364535918099031
2020-01-27,-0.016159351517201638,-0.0034736929923991993,-0.005472552915767028,0.0011235444900128861
2020-01-28,0.010424671454488658,-0.008210182043746492,0.002108285918482558,0.0006122824959291072
2020-01-29,-0.0008264645506532712,0.0,-0.004997008569493528,-0.00030609438673345773
2020-01-30,0.0032403407781402883,0.031935062393795476,0.01470829728174963,-0.0012253153459300177
2020-01-31,-0.018324867764963212,-0.007845777741988537,-0.012664249687470744,-0.004916565795280975
2020-02-03,0.007401080995305744,0.0030774372052246933,0.003444179343641745,0.004201078538817561
2020-02-04,0.015126249548776215,0.004428502771357982,0.004969840408527992,0.0016346144931978252
2020-02-05,0.011481767544944406,0.00016996815977700618,0.007512592615874741,0.0031595354759889898
2020-02-06,0.003359288460111247,0.002376108750184378,0.00020809564268039417,0.002337789964017686
2020-02-07,-0.005343954117735342,0.003384578022673872,0.007179768274927285,0.0018257465756925959
2020-02-10,0.007437592595267878,0.009416737740062658,0.001992692854290932,0.001518926161673082
2020-02-11,0.0017317269656323673,-0.002681548698501832,0.002879273714186126,-0.0011136483930240843
2020-02-12,0.0064219077228625625,-0.003025129512706903,0.0,0.0033372314324503645
2020-02-13,-0.0010675362138868217,0.0033606908078251726,0.002666327476202407,0.0002018639496980783
2020-02-14,0.0016009240627339627,0.00568758636499014,0.0035438220530507663,0.0005045971260188074
2020-02-18,-0.002580352487666837,-0.007030438797448589,-0.009501409686333721,0.003424279051060143
2020-02-19,0.004769718076172427,0.004023502662739837,-0.00048067916050391704,0.0014066051888710213
2020-02-20,-0.004116502914996824,-0.0008369701594035004,-0.0025458269346373373,0.0027072184861321323
2020-02-21,-0.010351749187687857,0.006841964260140857,0.004742257898544719,-0.006126676075756423
2020-02-24,-0.03372796114561892,-0.02492138638302894,-0.022254610771660972,0.0003021785853846842
2020-02-25,-0.030770617332120855,-0.014252764722316664,-0.01085528688091038,-0.0032280840235715614
2020-02-26,-0.003685046042105222,-0.0038122064410803197,0.006217360757026902,0.0003030638919179913
2020-02-27,-0.045951594385527816,-0.04746289449043482,-0.04031449016973846,-0.005672599810777739
2020-02-28,-0.004210147566454061,-0.0265649548643625,-0.0323425986053991,-0.003154148094629094
2020-03-02,0.042394945559314653,0.04442732305115067,0.041176365063667904,-0.007877647280893692
2020-03-03,-0.029050386163386042,0.0025004526511036565,-0.014643539253297685,-0.002159263418418368
2020-03-04,0.04117351671042809,0.049758040271001266,0.049007677707639294,0.0019537752536019633
2020-03-05,-0.03380660655064992,-0.03770112313331935,-0.023861978013467674,-0.005356385423915853
2020-03-06,-0.016669366757964276,-0.026430118360443306,-0.0061012719817877745,-0.00902639071155808
2020-03-09,-0.08131241822514342,-0.0635015628235783,-0.05311237464282265,-0.011003468953308716
2020-03-10,0.050450544675101794,0.034119987758277445,0.030119431376630652,0.015786246966343988
2020-03-11,-0.04997671270723277,-0.027393628953313643,-0.03327436929437516,0.001036683392819497
2020-03-12,-0.10056892283763347,-0.10172811911443141,-0.11772525023890355,0.009897998819150069
2020-03-13,0.08202818726363711,0.03613096975360704,0.09983981714301905,0.013046752908227162
2020-03-16,-0.11588658616911136,-0.06852149652256448,-0.1195401495545429,-0.0067060165391842055
2020-03-17,0.05258487420942239,0.041546433203024834,0.12165635691688861,0.015075972359764923
2020-03-18,-0.05195979393026574,-0.05064647769421864,-0.054711056452384964,0.01574209840111209
2020-03-19,0.0021226966694666578,-0.06970981670166454,-0.030053608715944466,0.015692735027299457
2020-03-20,-0.04405013822879945,-0.08816394661243036,-0.12135808942614655,0.0005836906290763782
2020-03-23,-0.025900909968843297,-0.019510185329575273,0.011955610795647616,-0.003214671659135032
2020-03-24,0.08673099324456095,0.049094481181885266,0.07912068621181695,-0.007344693602503864
2020-03-25,0.014859279810419903,0.05330628759230946,-0.011840685578600076,-0.006805044347558383
2020-03-26,0.056748582943212465,0.06241863577151287,0.06670292566328406,-0.01626219180094399
2020-03-27,-0.030238111444717643,-0.033987186736717814,0.001661636258912988,-0.010617374803561131
2020-03-30,0.03195964380499159,0.049890695546851105,0.04082867496285292,0.00820047669237915
2020-03-31,-0.015017734842337834,-0.01680734798407808,-0.04382165140575639,-0.0013115801831416923
2020-04-01,-0.04604905658975255,-0.049332593498861786,-0.01662357295090106,0.006239906653357665
2020-04-02,0.022813305551252945,0.04253008509322082,0.04745065977148486,0.0051038603675523705
2020-04-03,-0.014559779169824824,-0.0027341616136796303,0.005876390370237607,0.0039848779730313096
2020-04-06,0.06500674444434722,0.06278289598651665,0.051389708072210515,0.001093065225506391
2020-04-07,0.0010189327339820825,-0.00343419524481782,-0.005198085593301812,-0.0070763146128082245
2020-04-08,0.0330173151241792,0.027776548096718923,0.01619249004236821,0.0013992944349989708
2020-04-09,0.015102681530083645,0.024376632813011136,0.0076625536895971605,-0.0060108987368511415
2020-04-13,-0.009171936738620684,-0.043163309655431935,-0.020717667067537134,-0.001709641620417164
2020-04-14,0.029066252829545454,0.04152920833399106,0.05579072703359107,-0.0046408385293312685
2020-04-15,-0.021477272526162064,-0.02714341352141634,-0.024651037630020654,0.005747428971737732
2020-04-16,0.004812961442994615,-0.010770027431250809,0.004507357738847272,0.005714584712106837
2020-04-17,0.02665686086070591,0.020177442847663256,0.01398319083909986,-0.002502378594773782
2020-04-20,-0.01777494188482892,-0.032353063269700215,-0.02205153737913289,0.0018023466088692777
2020-04-21,-0.030833822081994467,-0.025025642095697298,-0.027196799311942636,0.0029967363344493643
2020-04-22,0.021951903106117433,0.006588943155190459,0.012748576674384731,0.001295761481367019
2020-04-23,-7.181474859653185e-05,-0.013443715810877886,-0.01795541896025775,0.00039837582030818376
2020-04-24,0.013842501621207681,0.007955814916116705,0.03099052907960743,-0.000498013578997181
2020-04-27,0.014315508304245047,0.029283023120743795,0.0007439417423667446,-0.003392841703910894
2020-04-28,-0.004609093689655921,-0.0008553614332068714,0.013738232726943593,-0.0017007474044158
2020-04-29,0.025841796622853637,0.008097277566553629,-0.021952796905926938,-0.0030084564215593027
2020-04-30,-0.009354334694936656,-0.026450553903313256,-0.008055805474874764,-0.005539095303350765
2020-05-01,-0.026830106051910326,-0.006339366694162714,-0.01638568532413645,-0.0022241803896464697
2020-05-04,0.0027542235286418188,-0.010138959429281842,0.005975634055840715,0.006859017037953738
2020-05-05,0.009196962802610092,0.005743353454316939,0.00571238601527494,0.0023093109787881917
2020-05-06,-0.006801803228116238,-0.014420664828451564,-0.0067821544307952114,0.003803780983961886
2020-05-07,0.011994677803764706,-0.003357649853589017,0.005870443729656877,-0.0020001702089409
2020-05-08,0.016410775775945498,0.03329608503979571,0.02016777922377273,-0.0016030063598269273
2020-05-11,0.0002051583915903807,-0.012438756137840084,0.0011168452478716472,0.0051007212026602895
2020-05-12,-0.020132931490609088,-0.015936534903921495,-0.01077367781651519,-0.003097345349061247
2020-05-13,-0.017844014022258745,-0.019829596024382747,0.0001504708811602843,0.00309734534906125
2020-05-14,0.011896115052413435,-0.005476883983500281,0.0009018644263887926,0.0022918983474946534
2020-05-15,0.0045866821809795,-0.010119781567006778,0.021336822627963044,-0.0006969651685236173
2020-05-18,0.030004754210420176,0.03876736681745574,-0.0031679156078150993,-0.007297511847432846
2020-05-19,-0.010324332113318322,-0.009607939684032882,-0.028364719776845997,-0.0030144257249692962
2020-05-20,0.016845439949711053,0.029859327794601043,-0.003574397608615047,-0.002519019852671667
2020-05-21,-0.006927988427027839,-0.01581393516633897,-0.008031568069009341,0.002519019852671609
2020-05-22,0.0018975030779782498,-0.0031041843950570043,0.0020713355886903036,0.004918926301312116
2020-05-26,0.012245201292890228,0.023267157700060822,-0.005610316249873735,-0.009558828408124451
2020-05-27,0.014769250733139214,0.013790174732113589,0.008136396734996432,0.001515319737947648
2020-05-28,-0.0018465714580231576,0.007674453853085468,0.011250456351990424,-0.006888199065259023
2020-05-29,0.004446083212535264,-0.008744936561578428,-0.005609375954159169,-0.00040667870457291216
2020-06-01,0.004033625459264776,0.006619045004060903,0.010886838399817213,-0.005199527558490491
2020-06-02,0.008245981889069089,-0.0019170008323825649,-0.0027104811540398076,-0.0016368664740114463
2020-06-03,0.013220369836035029,0.021097714240703322,0.001431531665931132,-0.004001025042514643
2020-06-04,-0.002630027778477231,0.00041728766174789093,-0.00935720993700046,-0.006186846677672824
2020-06-05,0.02530640161413884,0.02412243715366582,0.014220320813818585,0.0026856966101067147
2020-06-08,0.012015138522303476,0.015363195332484574,-0.0017382915866332187,-0.003306468049043464
2020-06-09,-0.007484729397214805,-0.01719803154192972,0.005731986642648219,-0.0031098091607432428
2020-06-10,-0.005595490138113653,-0.007785560668769196,0.008686107772314171,-0.0037445499613823646
2020-06-11,-0.059377367216266165,-0.06544377496107902,-0.04803011461464962,0.007992198467841808
2020-06-12,0.011904313201309389,0.010360487314577416,0.009032847689287816,0.006080887880907707
2020-06-15,0.009292387135062868,0.015234235222190261,0.011407532669038212,-0.0065979557876870015
2020-06-16,0.019064927731315663,0.010100082046239375,0.009078892169004253,0.002891953886846593
2020-06-17,-0.004162689135442198,-0.004070730451793356,0.0006832584809763533,0.0020606289468201085
2020-06-18,0.00038517960003952114,0.00876351720404373,0.007711586639397974,0.0026723677574220592
2020-06-19,-0.005731511482137627,-0.020858706562347746,-0.011361180897020363,0.0020509090115185353
2020-06-22,0.006394797279126496,-0.006103032966054046,-0.001753359038589839,-0.0059591445241145916
2020-06-23,0.0045931364656589995,-0.0021886624814983105,0.0023626013280051254,-0.0036132643250425932
2020-06-24,-0.025839715636170938,-0.021930052938689257,-0.013797704711085467,0.004746181784583317
2020-06-25,0.010663586094541586,0.0062512860155475355,0.014178239355862847,0.002877983039635605
2020-06-26,-0.02403818482528517,-0.0307368843726599,-0.019052648756157396,0.0007182034342949106
2020-06-29,0.01459064143201202,0.017969430696262813,0.016538354296089096,0.0004101816642783301
2020-06-30,0.012728137569359558,0.007187752937552328,0.008961750210821974,-0.0015390299620584962
2020-07-01,0.006980329629245411,0.0031285642187277177,0.0007558091788099761,-0.001952849636313679
2020-07-02,0.00549187422677465,0.0013378099048540987,0.0036951877480904997,0.0012338347098170114
2020-07-06,0.01531919708282124,0.007768361530066707,0.003381562290478782,-0.005460822159623259
2020-07-07,-0.010367247932146242,-0.00044240661363109104,0.0020234741724867796,0.0009293782745837542
2020-07-08,0.0076194915160153484,-0.0031014448727365914,0.004854583389337428,-0.004655711207453064
2020-07-09,-0.005709168917391765,-0.02607475418489642,-0.011314055621770356,0.0027960112131901233
2020-07-10,0.010158788991798269,0.027848249787678404,0.013100575689102726,-0.0005171494582061529
2020-07-13,-0.008696573106759345,0.0022123888040694755,0.003341080022668582,-0.0019678162924543765
2020-07-14,0.012875741049401349,0.01360848891852502,0.004511314378983745,-0.0020755190823018837
2020-07-15,0.009145219571462044,0.011488240208123664,-0.013595641855796462,-0.0018716892379267032
2020-07-16,-0.0032988648891697906,-0.005402364053304794,0.001420342973396845,0.002806182194208918
2020-07-17,0.0028949032996843055,0.014413395849097949,0.005809187384533808,-0.004264357502404642
2020-07-20,0.008049256473012021,-0.015063844346605168,-0.011577267524740252,-0.0011472140581443113
2020-07-21,0.0021252031565141393,0.0231474063092168,0.00986783662317145,-0.007436526205550686
2020-07-22,0.005675879686103695,0.02675722945671707,0.011684663714354395,-0.0015782161490156016
2020-07-23,-0.012003394017620727,-0.004133943259826421,0.007836424301142573,-0.0029526413298705746
2020-07-24,-0.006461182333724714,0.004340167579107226,-0.007468661488921016,-0.0026436857098438593
2020-07-27,0.0072659389697498885,-0.00020622431928080944,0.011763371542045068,-0.008186790395604068
2020-07-28,-0.006362570665918027,-0.0062073411594078375,-0.002108749289449183,0.0009604009396220613
2020-07-29,0.012223729976535315,-0.0033264213333854794,0.003995458652362089,-0.005347034326374444
2020-07-30,-0.003574340476777092,-0.00689594768806742,-0.0017414783017284325,-0.0025768265787047538
2020-07-31,0.00787112215428376,-0.009480523521880526,-0.00021779626142730867,0.005039968145744427
2020-08-03,0.006928101396829623,-0.020099086339765187,-0.006998163949788641,0.00010698044124570928
2020-08-04,0.003855166013766092,0.00838815497012444,0.005616907367371115,-0.001284276164808909
2020-08-05,0.006191728076564279,0.011287523167875976,-0.008914224742538352,-0.00590727699317517
2020-08-06,0.006662306607225606,0.005490966282483678,-0.0028663622877260937,-0.0004309979049096572
2020-08-07,0.0007176635786469336,0.00671701487186874,0.006456298567212377,0.00698065997623259
2020-08-10,0.002984547000451686,-0.0016750919306402197,-0.005573392972021365,0.0014971597968210537
2020-08-11,-0.008289016936297062,0.004391156459719717,-0.006344625039918489,0.0005341106115732474
2020-08-12,0.013846096418394523,0.010377753032527885,0.019640044261009265,-0.002031270408394264
2020-08-13,-0.0018095581216530131,-0.0010329089887453089,0.002174783904834681,-0.0010708439203949483
2020-08-14,2.9714136084537855e-05,0.0014458239257781418,-0.003917906267432756,-0.0025745333942405785
2020-08-17,0.003171730118430761,-0.004965933664302979,0.002613603568925718,-0.0026888965284360593
2020-08-18,0.0021579569564585616,0.004346455704369753,0.0013766367014356568,-0.006266246156081086
2020-08-19,-0.0041723586451923615,-0.021923695205878273,-0.012092368081602698,0.006696965619910175
2020-08-20,0.0031087097452970583,-0.000422416131246956,0.0019768665347742378,-0.0010771055969901347
2020-08-21,0.003541044040130952,-0.0014792667837824898,-0.0019033053434632857,0.004945173292177445
2020-08-24,0.010082271470930866,0.0144882051300675,0.008609945081219615,0.0005360820384595766
2020-08-25,0.0034932139806318745,-0.001251496730301483,-0.002473283767639736,-0.0030056528547335207
2020-08-26,0.009975615298647808,0.005204589005392859,0.008485354554193109,-0.00010745048552533449
2020-08-27,0.0021841584893702746,0.0014524238534668718,-0.0005055943571945871,0.0
2020-08-28,0.006438621077913616,0.03263604001555984,0.01106571121636482,-0.006904756883039733
2020-08-31,-0.0036291967433699154,-0.006038661726803456,0.000857060755737202,-0.002493127455491018
2020-09-01,0.009374503293204559,-0.008312396685727965,-0.006231001967717789,0.002168224536276038
2020-09-02,0.014360450300546918,0.04127796623303553,0.0290309041332448,0.0055078939450372375
2020-09-03,-0.03502041141262054,-0.01396695021505128,-0.020577009143838608,-0.0011854154362119266
2020-09-04,-0.008198194870473272,0.011032429934786033,-0.004386600340059486,-0.00021564373172236047
2020-09-08,-0.027703107275890752,-0.024393783958790726,-0.02340510451565165,0.008163333384396777
2020-09-09,0.01955479177795291,0.007599918882729662,0.01144288318642322,-0.002356231295015289
2020-09-10,-0.017516018382533687,-0.00379273961286218,-0.017288052175668003,0.0008573870012291349
2020-09-11,0.0005089977279915334,0.02097848768143452,0.007761412814244132,-0.00010708209078612866
2020-09-14,0.013085134685283743,0.001183790933163885,0.006312436755490491,-0.002789724278171819
2020-09-15,0.0050397499803331875,0.006682458921863316,-0.007712502265825499,-0.00021487903340062237
2020-09-16,-0.003976481730805365,-0.0051061166230221815,-0.004730235853198473,0.0017179863656381284
2020-09-17,-0.008834364933880857,-0.004736501103855406,-0.013274765656538182,-0.0025781286530227113
2020-09-18,-0.011579361212274035,-0.001980202427599772,-0.013073107730961505,-0.0004303487446622587
2020-09-21,-0.011191903757636405,-0.027327500239837058,-0.0017510555573603899,0.006542637232109398
2020-09-22,0.010132726918725526,0.011544471089706663,0.006909884856669922,0.004799208818646536
2020-09-23,-0.023463912318100088,-0.029633370717685705,-0.008740329735423682,0.004246757966643636
2020-09-24,0.002661868617137508,0.010112696900663905,0.004417858092108982,-0.00042387322855773867
2020-09-25,0.016037547156370197,0.00041052846927746103,0.014860945016230254,0.0024348009335587576
2020-09-28,0.01647305397672187,0.011428685570719778,0.032560284153632164,-0.003389112416825154
2020-09-29,-0.0054610783415659225,-0.0073319901723891395,-0.00588824120664398,-0.003933066389008079
2020-09-30,0.0075535058889166186,0.009156659172627679,0.01044418467174917,0.0
2020-10-01,0.006399409699649792,-0.003855955427707809,0.01574840363233428,-0.0019189804038083074
2020-10-02,-0.009539881791506439,0.0036533337879545093,-0.01965225878552357,0.0013862679542446295
2020-10-05,0.01757775604547181,0.0004052022322946872,-0.0009421060098752759,-0.0035227600278867426
2020-10-06,-0.014317941816076303,-0.008950475444201899,-0.01629975056159268,0.0034162485242590543
2020-10-07,0.017256966559450637,0.012589038980534886,0.009607417441879726,-0.002133838200181357
2020-10-08,0.008823325111029862,0.017996840910146722,0.006112276252335516,-0.00021359371256752206
2020-10-09,0.008890588965892076,0.0069123343528762595,0.004270835773456798,-0.005892801722059076
2020-10-12,0.015959622517201608,0.005495513961470022,0.0263050855469335,0.00010747473687942946
2020-10-13,-0.006547600499593565,-0.01717531971520373,0.009871647029372304,0.004930332476371583
2020-10-14,-0.006303209039809826,-0.001993307053491194,-0.007131313714030564,-0.0016050672651663613
2020-10-15,-0.0012367357562133039,-0.0025971335493132886,-0.007677483182891723,0.00512715673922596
2020-10-16,-0.0006044100594979239,0.0007997936576851739,0.002118971007514622,-0.001919594321955695
2020-10-19,-0.015320110760525571,-0.008228830994140747,-0.014569780967967443,-0.0026722264758808198
2020-10-20,0.00399764143156059,0.012616576801201252,0.00021482466942213298,-0.003860601152594575
2020-10-21,-0.001894651130238053,-0.0051875394647455985,-0.0007876120629645569,-0.004954761145891666
2020-10-22,0.005470381620724607,0.013708427253224919,7.150233420535632e-05,0.0036645475624652473
2020-10-23,0.0033893942982604155,-0.0031621112247601653,-0.00035836133676140085,-0.0019384058555723712
2020-10-26,-0.01865285964037515,-0.014354356718855477,-0.010806152219036216,0.0030137404055984125
2020-10-27,-0.003453319825175164,0.0020061026699073697,0.007648464427456685,-0.0011828659597670666
2020-10-28,-0.03477672277295965,-0.039653697110817655,-0.036229215388108076,0.00504429516397936
2020-10-29,0.010112274022142482,0.0012501464594121916,-0.0013424519797366216,0.00587070495747413
2020-10-30,-0.010479696229489141,0.0008326744235179626,-0.005237932250170619,0.0008510833604655255
2020-11-02,0.011146181592520905,0.011584645921336147,0.01385808936431902,0.00010635478790935434
2020-11-03,0.017501828955673777,0.014902891924441698,0.013887384997899963,-0.0053305028535134726
2020-11-04,0.02210303704900991,-0.0036540753155682574,0.005966023462660206,-0.0014976402523354752
2020-11-05,0.019315007231421193,0.005476158454788175,0.0013772169174343797,-0.00946554202101199
2020-11-06,-0.00022835212815643108,0.0002022937924566148,0.0023876851586036455,-0.003247409423384976
2020-11-09,0.012487313309830791,0.06118353024535961,0.0005056246245231688,0.005406587368252306
2020-11-10,-0.001467596316722561,0.02646786432802473,0.023344032814470034,0.00021562047425022007
2020-11-11,0.007401263963608501,-0.007437683922841213,0.015265187943901507,0.0031218165630121798
2020-11-12,-0.009748297826699764,-0.01069524982018821,-0.00041696000908619064,-0.000860234795571637
2020-11-13,0.013749505739706713,0.008266033375035857,0.006030180116896615,-0.0021537478380029952
2020-11-16,0.01240520475492094,0.0074557063612595165,0.007229676839717893,-0.002050423634564982
2020-11-17,-0.005392790934199009,-0.0031618577289020855,-0.003573720979771718,-0.0016217261526176997
2020-11-18,-0.012107843255345425,-0.020134255822727164,-0.012889173577796844,-0.0010825861756400778
2020-11-19,0.004201337098699069,0.00983555864621898,-0.0004184724550603244,-0.0003249962565596812
2020-11-20,-0.006871254943185655,-0.00869569317266902,0.0006975788456995431,0.0010829378788029204
2020-11-23,0.005976362490724536,0.00018981339397586524,-0.002793128525439212,0.0012980287987114857
2020-11-24,0.015985514652666778,0.01019843810582076,0.007037058188656104,-0.0030312762300720403
2020-11-25,-0.0015430418920214571,-0.005463944582888951,0.0009024445721785039,-0.002605641378396873
2020-11-27,0.0027811087084486817,-0.004354823130818218,0.003047348699124504,-0.0021764830614942315
2020-11-30,-0.004436922125353526,-0.013283619037537667,-0.0025621022514857902,0.0008711949746213347
2020-12-01,0.010877869992696227,0.00849107961699084,0.012676923514710088,-0.0061142802890798535
2020-12-02,0.0021015872000311893,0.0013442065769898052,-0.009976545830672947,-0.0020829346092942
2020-12-03,-0.00027267294832836533,0.012775304927036917,0.00591918289829647,-0.004509754747449625
2020-12-04,0.008580720109408147,0.02007016803394548,0.009645300915051636,-0.00011027105958152141
2020-12-07,-0.0020570872586571963,-0.016099157958975884,-0.003296512360175036,0.0009918339933096278
2020-12-08,0.0029220136164029476,0.0035791463189877087,0.0010313211567447656,0.0019806377850375553
2020-12-09,-0.009009320511582649,0.0028166207623968893,0.001167633086615926,0.0013181933008047464
2020-12-10,-0.00032707795970887617,-0.00526412580423869,-0.007026009198297188,-0.0032988310858422898
2020-12-11,-0.001173383482453573,0.005639076542454095,0.0020717629603661,0.002090581571670238
2020-12-14,-0.004487260616072702,-0.0015006472199106191,-0.005117658964579338,-0.002972144505398307
2020-12-15,0.013428880769348324,0.010643296637529468,0.0037369970762746287,-0.0026492770033932304
2020-12-16,0.0015681618004696825,-0.014593243521900253,0.0008285385773590354,-0.00022113942897322524
2020-12-17,0.005576368012058476,0.003949946884370923,0.005643616648933429,-0.006989513839627397
2020-12-18,-0.00400091451636205,0.008784373839273475,0.00833772783353211,0.002224166311855897
2020-12-21,-0.0035818497495031265,-0.01745707229103682,-0.010467666813864076,0.00022219563272770309
2020-12-22,-0.0016868608776793982,-0.0009473079036342901,-0.009536221002566101,0.00675192782696248
2020-12-23,0.0008981790822026509,0.006046992504053757,0.0027042621874352264,-0.0026510327786479215
2020-12-24,0.0038828981515759316,0.006759201787422706,0.00449087934122729,-0.0008852698223750133
2020-12-28,0.008554121759690511,0.013383160968909175,0.012672854041179491,0.00011063825701472132
2020-12-29,-0.0019097082024006648,-0.0005540642245481707,0.003465340829595874,-0.0036594906872421005
2020-12-30,0.0014259100330895691,0.005710580268100957,-0.0007463840465425257,-0.00423074427653805
2020-12-31,0.0050679541262448466,0.007320774766557149,0.00669812519394314,0.0034527537616808692
2021-01-04,-0.013707484040688828,-0.03866664607049562,-0.027550816427145082,-0.0006673917285882162
2021-01-05,0.006863653771874647,-0.011053977135326413,0.00297612136225074,-0.004907380055435235
2021-01-06,0.005960733527775437,-0.032329926964643575,-0.012307762781009653,0.0010057143081235833
2021-01-07,0.014748135592976799,-0.011146777301856146,-0.0032233821615984867,0.0033452646131757638
2021-01-08,0.005681575238583435,0.022170517191439885,0.01193104038935278,0.003001132054229774
2021-01-11,-0.006763580016512463,-0.017378048134542405,-0.014601862883618576,0.004871604440768277
2021-01-12,0.00021115491002160185,-0.001794426093355178,-0.0046558245897888725,-0.005426646608110303
2021-01-13,0.0026893450749783956,0.000997221836595479,0.008168666565243137,0.0029938109510210544
2021-01-14,-0.0035081671803874055,-0.018714662139053755,-0.005838044684969698,-0.0008861523855963913
2021-01-15,-0.007319303924065185,-0.010824174977287972,-0.002613555333049783,0.005966219504508901
2021-01-19,0.007821295018406092,-0.0039090426388430355,0.004727690292093689,-0.0030891328756101786
2021-01-20,0.013743768235988808,0.0034982018602487124,-0.005152072848411648,-0.0003315331753251212
2021-01-21,0.0009112328854624003,0.005531146816403107,-0.012244665569770998,-0.0037652754357980836
2021-01-22,-0.003545647724553445,-0.00944179892430143,-0.00733288794109954,0.0012197219822246497
2021-01-25,0.003936071932229512,0.005962845037034797,0.011407255858743639,0.0016608709809143483
2021-01-26,-0.0015621272914019524,0.010400841930516899,0.011490430601698264,-0.002436877852775829
2021-01-27,-0.02474413481149584,-0.015539038221041884,-0.026874249734383394,0.005309196828380764
2021-01-28,0.008563383959630562,0.012694682428000441,0.008296549396283708,-0.002098200104601342
2021-01-29,-0.020222682180625937,-0.020555739009834994,-0.019002525527182283,0.001325704413947183
2021-02-01,0.0165085864192141,0.006830159794747456,0.0029974508590004468,0.004845767364374155
2021-02-02,0.014041177846925205,0.009852314885401324,0.010168742160827368,0.0019756379108075155
2021-02-03,0.0007860353974337497,-0.003888162255259734,-0.0026048614417993783,-0.0008775143366304055
2021-02-04,0.01130147391132156,0.004908795541974883,0.011955345847175424,0.004489424778644839
2021-02-05,0.003928165568903131,0.012974189808219743,0.009122234266242094,-0.005367793625702383
2021-02-08,0.007195935182386393,0.0054232985829612765,-0.0039807279781339435,-0.0012089973403572323
2021-02-09,-0.0006660519719073234,-0.004416842259633017,-0.005714319329674638,-0.005403308689452706
2021-02-10,-0.0004356926823179221,-0.002014166445074798,-0.013703828342294477,-0.0007742900980358769
2021-02-11,0.001613656258923318,0.014014313144537814,-0.020024962653849964,0.000553077309414763
2021-02-12,0.004927720476500288,0.007723526252553049,-0.008183378862365134,0.000663407293342946
2021-02-16,-0.0008663466997849079,-0.008320042967563794,0.0038024873861742256,0.0003314965319752256
2021-02-17,0.00022944429830369049,-0.0027888283661749434,0.0005951750076600471,0.004849505968666421
2021-02-18,-0.0042651737972744415,0.012685994022761384,0.006745081679379093,-0.003966080153793787
2021-02-19,-0.0017675002917849096,-0.013085033737887107,-0.021353891489188707,-0.002542092901632561
2021-02-22,-0.007721416608176858,0.010323630369878965,-0.003931761976199986,-0.003880899352217214
2021-02-23,0.0012136154694270278,-0.0017790941316807706,0.005967373170690685,0.001775958202869379
2021-02-24,0.010959071593480358,0.0033579278257412424,-0.005210024436772185,0.00011091917189185196
2021-02-25,-0.024390787423812704,-0.010705901332096854,-0.015949061096334288,-0.0005546342822547459
2021-02-26,-0.0051659775121347465,-0.02380096958818002,-0.006250330631505647,0.008836940999226028
2021-03-01,0.02395111575185802,0.01840476848776711,0.01100815523063739,0.0012089973403573277
2021-03-02,-0.007833888925321128,0.00399997963951463,0.003439138155557344,-0.002749822966663785
2021-03-03,-0.01333418904029762,-0.0023980672923897884,-0.014834457638716778,0.0017607139422175999
2021-03-04,-0.01245203771588548,-0.0008006354082007883,0.00554603770542751,0.0074488275925241945
2021-03-05,0.01822950700841916,0.016877248468830708,0.032080947207541746,0.003812499605701192
2021-03-08,-0.004991166080931813,0.016596974509433805,-0.0067883562156093435,0.003581252946033692
2021-03-09,0.01417654852897618,-0.015219708246741237,0.0009078127084181194,-0.0037987616148852333
2021-03-10,0.006205226225040671,0.0113392469760508,0.010006359389691983,-0.0018503207341171804
2021-03-11,0.01008803774449463,-0.010946090481687052,-0.002698619405830722,-0.004039116330591091
2021-03-12,0.0013459169575241459,-0.0019837276921814318,-0.001352104519932314,0.0028400034205757637
2021-03-15,0.00594588669538237,0.013216443865839417,-7.509195673780467e-05,0.001634805269908301
2021-03-16,-0.0012620848357273173,0.003716373975580666,0.00733971330748916,0.0004355026147282135
2021-03-17,0.0034039333483761656,0.00039039502853481316,-0.0029145650747516238,-0.00512906902515026
2021-03-18,-0.014656491710895782,-0.013161998009403143,-0.008190858749661242,0.004911299893786582
2021-03-19,-0.0018519419746378012,0.004734733214983229,0.014755118760477812,0.0007618185720016525
2021-03-22,0.007953149243445047,0.0037324352972461137,0.024239229683671214,-0.001306282750416477
2021-03-23,-0.007901787965145976,0.007617944288614151,0.011974536772772628,0.0058650465498778625
2021-03-24,-0.005096489698825298,0.0025265492022959824,-0.0046718391103114446,0.0020555256485557784
2021-03-25,0.005609798763096511,0.00965807181895937,0.005889972624121273,0.0037754047499120994
2021-03-26,0.01598647547262506,0.01941810039422918,0.021748510530450446,-0.0011850323387107644
2021-03-29,-0.0005051662493303396,0.01515608391105621,0.014677965377755875,0.0018308744458312438
2021-03-30,-0.0026565526831070804,-0.013084257459272934,-0.015799899660238412,0.003865990636925039
2021-03-31,0.004045224289378985,-0.008313036570979152,-0.007676199995705934,-0.0007505462467723903
2021-04-01,0.010741154316030538,-0.003801551567208097,-0.0012026725160321412,-0.0032230694624324537
2021-04-05,0.014251024096391327,0.005697070551441142,0.013219195937474075,-0.0035573996792200506
2021-04-06,-0.0005906944675131808,0.007169745230271196,0.0035561191835158626,-0.002811747754088444
2021-04-07,0.0011565540001328785,0.0016906860382412657,-0.0018112532717871888,0.0012987312383333544
2021-04-08,0.004735580315598522,-0.0030075855325158137,-0.006085189337464711,-0.0043355967888385
2021-04-09,0.007243853505996688,0.0011288771388014958,0.0002104517057132734,0.0010857248146441691
2021-04-12,0.0003644355565809589,0.0031915820367048407,0.003151472324957072,-0.00021708380041506674
2021-04-13,0.0029593179612658516,-0.004885375991184544,0.00020963581445890254,-0.0031523578351867953
2021-04-14,-0.0034209888265436766,-0.00018830246201480017,-0.006592837845852504,-0.0017434463598541732
2021-04-15,0.010685178615294489,0.004698800215120341,0.0014063785594866823,-0.0002181966892856798
2021-04-16,0.0033368973323221083,0.006541447377859633,0.012915949275111905,-0.001200683579453269
2021-04-19,-0.0049251197179944525,0.005943462412963241,0.004084414920723116,-0.005366030191090142
2021-04-20,-0.007348540681928636,0.003143193507153357,0.006610327948527772,0.0018649357741515197
2021-04-21,0.009417605798147004,0.008089885944677853,0.00867816416912133,-0.0008771294530661436
2021-04-22,-0.00917495981717842,-0.0031179007197385403,-0.006210473141466453,0.0018630962025528643
2021-04-23,0.010783940874009927,0.0005509119016467661,-0.0016446656368577501,-0.005159473703611282
2021-04-26,0.0020854655303214793,-0.014982199538598352,-0.017082424095390514,-0.0005504822317883477
2021-04-27,-0.0002155490071525439,-0.001491976176040241,-0.003283912190352467,0.0011006615996028458
2021-04-28,-0.00028737220096895343,0.00018654542295698057,-0.007445885907871276,-0.0033054574465683894
2021-04-29,0.006352507630248636,0.012424858141305983,0.014767448530866055,0.0
2021-04-30,-0.0065921710535679235,-0.00517368347628471,0.001527005402700151,0.007367103210650321
2021-05-03,0.002154462222273396,0.009220097682246494,0.011243501719653283,-0.003621820770754076
2021-05-04,-0.006188452651786109,-0.006260430343361916,-0.012631601959548041,0.0037313911958753746
2021-05-05,0.0003127732025948144,-0.002589302345963559,-0.0004865249839917085,0.00021902128492277538
2021-05-06,0.007953871690476148,0.009950444771663517,0.011539363535851497,-0.003950412480798082
2021-05-07,0.007251568610893951,-0.0005502767352834802,0.0,-0.007947868199300788
2021-05-10,-0.009951738668436513,0.007311287617470393,0.007937634236798769,-0.0002217276908914321
2021-05-11,-0.00896478171137875,-0.010802892200680064,-0.00731961187569542,-0.0007762650283509166
2021-05-12,-0.021474112766365502,-0.00516802642190531,-0.009797255399269055,0.006303584042597337
2021-05-13,0.011940843656038877,0.0086596310051151,0.014728482003796619,0.0004408786110115878
2021-05-14,0.015238663200058993,0.004027893460355284,0.0015018875983671203,-0.004749556682382034
2021-05-17,-0.0025477771909912087,-0.001645784686007526,-0.00286912209325012,-0.0011077709520344369
2021-05-18,-0.008652984056995244,-0.00550559378214163,-0.004525764844553811,-0.0052231181421554815
2021-05-19,-0.002625200304661292,-0.0031334895214327227,-0.0005497073154571529,0.0048905558788174585
2021-05-20,0.010700589760577642,0.008822082084153225,0.012301075386092722,-0.0042222827484724775
2021-05-21,-0.0008191782606444098,-0.0005491688327592661,-0.0008834255146224487,0.002335530075077542
2021-05-24,0.010142685244500347,0.0032901394980458464,0.0050856719792087175,-0.0021128149491412614
2021-05-25,-0.0022211777396385956,-0.00018249782737940083,0.00303909800931147,-0.0021173735008629168
2021-05-26,0.0019826002270415394,0.004370781748760672,0.0,0.004452384082731797
2021-05-27,0.0005248101629876181,0.008324307201693346,-0.01214369586999701,-0.0007777312096204108
2021-05-28,0.0017870818429964153,-0.00361068158660847,0.009713156801018577,0.0006666395646189669
2021-06-01,-0.0008812062977249127,-0.0001809514466115779,-0.002097743838398446,-0.00222391893686749
2021-06-02,0.0015713569761240827,0.003971828885978979,0.003988602873122369,0.0007789428259739803
2021-06-03,-0.003718190761088558,0.0025194091334687268,0.003561557217191997,0.006651892255236875
2021-06-04,0.009104235883707096,0.010725916438077578,0.0011505336751266326,-0.003985840214529354
2021-06-07,-0.0009706276843080026,-0.003562584725227648,-0.000608978356793872,-0.00211008402207819
2021-06-08,0.00021316497750118737,-0.0069836216180333074,-0.009383982602928729,0.0014442582490908809
2021-06-09,-0.0014930366213114334,-0.0030595434102005862,-0.0018462117961905577,0.0004439613226216678
2021-06-10,0.004637628357178639,0.007720705940085337,0.010214511104597554,-0.00044396132262167307
2021-06-11,0.0016510504736251014,0.004461490589741336,0.0006095970115745548,0.005314402777517413
2021-06-14,0.0022364795389219687,-0.0034144904262605755,0.005940760444848261,-0.00044180381553857363
2021-06-15,-0.0018358514822489542,-0.0025234068573008576,6.727409659561393e-05,0.00022096843932471071
2021-06-16,-0.005599059182026706,-0.013445001834789413,-0.01001099470251426,0.006495276249203503
2021-06-17,-0.0003316536635766057,0.005108585858663437,0.009607072564908914,0.008305174501724853
2021-06-18,-0.013582186776742595,-0.0217079890241263,-0.021093565482600735,0.003693290774446161
2021-06-21,0.01421448279554761,0.010912897953949584,0.007808922958214315,-0.004019808103027498
2021-06-22,0.005331922720342392,0.003672467731143156,0.0014997843468277944,-0.001416169424641615
2021-06-23,-0.0012060448879107901,-0.008097248617180261,-0.013235940735537499,0.0007628147526204546
2021-06-24,0.005898293642801649,0.0049763967666497265,0.0056449554381855505,0.00021780462745181454
2021-06-25,0.003545755022497183,-0.0012877450174966576,0.005067160354307651,-0.00010893793377954368
2021-06-28,0.002013903146040648,-0.0011051747749099116,0.004293623618319613,0.0007621503640877158
2021-06-29,0.0005378985623334179,-0.00739916316843999,-0.0006802070709981099,0.0018485929045953247
2021-06-30,0.0008414041010560799,0.004630834651348156,0.008335866865655996,0.00422787098454316
2021-07-01,0.00552131939273377,-0.002775941108890903,0.00020245853228293618,0.0017293133570677275
2021-07-02,0.007614414364184614,0.004068824728290335,0.004779418859069564,-0.004003631528917665
2021-07-06,-0.00182310697483083,-0.005552478697272562,0.0014763421018292257,0.003463578348616495
2021-07-07,0.0035278465867931807,0.008133098369874917,0.004415889727861329,0.0009719352426031079
2021-07-08,-0.00818144919101191,-0.003503906473206903,0.00046719761365308286,-0.003027016141569704
2021-07-09,0.010618281510372744,0.006077883685900315,-0.0025389624224645296,-0.002493397785878349
2021-07-12,0.0035755822273894075,0.00036722195217645746,0.0002005802879833591,0.001084900336228455
2021-07-13,-0.0034148234455948162,0.009863082405283831,0.022813347524833064,0.005622207842502494
2021-07-14,0.0014910932914239314,0.022287045673970652,0.01027639048688192,-0.003672463958666739
2021-07-15,-0.003421410228770909,0.0031942511571339664,0.004583792200847453,0.0022698931780359122
2021-07-16,-0.007874556566317614,-0.0007088523934157071,0.0036647349336016693,0.0007554875203056658
2021-07-19,-0.014877989671372849,-0.011950601140247867,-0.00012830049031579413,0.002155372601518178
2021-07-20,0.014228674433110204,0.001792779015419121,0.00012830049031595098,0.000860882769104438
2021-07-21,0.00806377684418211,0.012813828553697938,-0.003729118646109146,-0.0023691721102975303
2021-07-22,0.0020918696330282007,-0.001415654225641549,-0.0003220810778430003,0.0007544290376617758
2021-07-23,0.01023548501189886,0.009517156338603481,0.012741400477941502,0.0009691915436784198
2021-07-26,0.0024517979688516993,0.0008766651321422053,-0.0007000442557282538,-0.0028023528682347702
2021-07-27,-0.004567972169785087,0.003498858940754577,0.005523692760544361,-0.002377364622267452
