Date,spy,ko,pep,usdx
2018-07-31,0.0049173570482176285,0.008615211387205574,0.0071560430252356885,0.0013767251787247716
2018-08-01,-0.001671876100348173,-0.00516025135933164,-0.01216068557193585,0.0013749130439728158
2018-08-02,0.0054326492822670555,-0.00453703070619765,0.009461218247005547,0.005795847613919709
2018-08-03,0.004275602416286869,0.009482727261865422,0.013940360000686403,-0.00031526225558489067
2018-08-06,0.003660558944370269,0.0006434362583125836,0.009243389610643407,0.0023097251287020506
2018-08-07,0.0032970057129373554,-0.0032206966626687795,-0.02729019301495812,-0.001469193131347154
2018-08-08,-0.0004204048269240801,-0.007555362808719095,-0.0064116254544844525,-0.00126106307984043
2018-08-09,-0.0013669160389856124,0.004324350418080068,0.0018487011979592778,0.004197293980333861
2018-08-10,-0.0067229146842217105,-0.00584238844780745,-0.007326702058808637,0.008964936594062011
2018-08-13,-0.0037500707903263607,-0.005440074060172249,0.001328047437627883,0.00031127138302553225
2018-08-14,0.006360309873522736,0.001308528160562616,0.0007076943998685898,0.003521171434844869
2018-08-15,-0.0074956244922098425,0.004131545899609662,0.003089800666805327,-0.0003102559983949072
2018-08-16,0.008058750231488582,0.003033866051467999,0.0070267668978881296,-0.0005171494582061529
2018-08-17,0.0035144037082719785,0.008187637630765859,0.006195180365141809,-0.0057069213438016705
2018-08-20,0.0021379366213955704,0.0027860127682058197,-0.0010443607362345285,-0.0020833022976758943
2018-08-21,0.002342097789534557,-0.010973650398971512,-0.009800643106754792,-0.006695980002562295
2018-08-22,-0.0005936503893269429,-0.0062942846642174,-0.013099848374227752,-0.001155408019255505
2018-08-23,-0.0013288026534255737,-0.00502027356799553,-0.0027657165309712744,0.004927422143164621
2018-08-24,0.006000379771526525,-0.0015328132244524747,0.0019635614659241126,-0.004927422143164607
2018-08-27,0.007864199576879564,0.001313983702124563,0.0023157071909116174,-0.0038962061186109246
2018-08-28,0.0004832563658986864,-0.007028319805564115,-0.011092314713570401,-0.0006332196369235461
2018-08-29,0.005366226807407153,-0.000881977057370401,0.007884618434401358,-0.0012677240951518974
2018-08-30,-0.004056452054075075,-0.00841827616621526,-0.0008035902420352409,0.0012677240951518567
2018-08-31,3.4400797480419425e-05,-0.008489745615036353,0.00044652701954707615,0.004424300565650013
2018-09-04,-0.001723714399557892,0.004253835300396533,-0.009057927361366411,0.002938696309702065
2018-09-05,-0.0026949191274724268,0.013756628934156958,0.0189190290861402,-0.0030438325520540533
2018-09-06,-0.0030148468881324194,0.00855733490162983,0.011591193483021447,-0.0011569879164151293
2018-09-07,-0.0019453589185361927,-0.0010930435981923471,-0.006718593129020465,0.0036767319599759034
2018-09-10,0.0017370606059777093,0.0074089882023637985,0.007335049845957566,-0.0023094826113242827
2018-09-11,0.0032922479010401096,-0.0008686676085209384,-0.002115421084075615,-0.0009463642756501099
2018-09-12,0.00024204470389628633,0.0047689516763591575,0.004577890821719257,-0.002738804050556909
2018-09-13,0.005896914209609522,-0.00043623179346793207,0.009963325059980762,-0.00274640640340242
2018-09-14,0.0001720110359344725,0.0034851719532168856,-0.00365934591518061,0.004643343415447874
2018-09-17,-0.005308403630089816,0.007149903832842622,0.00721852722106228,-0.004960706854372974
2018-09-18,0.005411728938730403,-0.008455454348280104,-0.012381445908653867,0.0011632276203153396
2018-09-19,0.0010649683668791973,0.0006529429744162983,-0.0018441397676835073,-0.0007400718493795174
2018-09-20,0.008071150466161338,0.01468712646999735,0.01266457621771077,-0.006791911568653504
2018-09-21,-0.0009141593837265457,-0.001287165051552312,-0.002694134496777155,0.0032955704153078045
2018-09-24,-0.0033274214207933946,-0.011009447950228594,-0.023242573321032543,0.00042445793097913844
2018-09-25,-0.0009281945387619379,-0.008501443662850215,-0.0026755333723920078,-0.001380167778231193
2018-09-26,-0.0029966248972310644,0.003714597575905775,-0.004206555029420453,0.0006372683742167752
2018-09-27,0.0027902301336964735,0.0034835640029220382,-0.004044002671624498,0.008562846845800118
2018-09-28,0.00010314755034539699,0.0039045812001580193,0.006731021409938749,0.001998028310390433
2018-10-01,0.0034683821618869785,0.0008656582532741584,-0.009797417889406631,0.001154922771867
2018-10-02,-0.0005832419708954872,0.006038267904008568,-0.01813835025299281,0.0022011337304110004
2018-10-03,0.0005487231657835685,-0.013855938922050368,-0.011098941821769922,0.002614107144679238
2018-10-04,-0.007846600148841483,-0.00043613243831234556,-0.008499434242134155,-0.00010445549713327534
2018-10-05,-0.005612470401961911,0.0006542636092356962,-0.0011262833881534927,-0.0013585961388701397
2018-10-08,0.0,0.012992767826553805,0.015837784691648843,0.0015674165596049345
2018-10-09,-0.0014604977497911227,-0.001938069204101659,-0.0006471979158162545,-0.0009401550896224304
2018-10-10,-0.032175223878805156,-0.015423559807593433,-0.007240301788821417,-0.0017783169786584315
2018-10-11,-0.022272680249936342,-0.023030049919484888,-0.021469798149866548,-0.005143615983140148
2018-10-12,0.013792824982298406,0.0008956089028663157,0.002091816683433695,0.0021026561561220056
2018-10-15,-0.005632947733210775,0.005134451792053816,0.003318923217865072,-0.001576557425263519
2018-10-16,0.021630217627743902,0.012832142054550048,0.016524677924162793,-0.00021035811962194886
2018-10-17,0.000178405276877852,0.008100671061289836,0.008530552293878587,0.005560511266005637
2018-10-18,-0.014546479633467365,-0.005466432082029862,-0.0035148288652027126,0.0033423854932270003
2018-10-19,-0.0005426929191183459,0.015662882052910394,0.021630672793712596,-0.0019832211583627486
2018-10-22,-0.004498868503324712,-0.007800548949697307,-0.008102413463252524,0.003129598317439491
2018-10-23,-0.005103793940101589,0.008447766469878567,0.006650472919711369,-0.0005209465288399017
2018-10-24,-0.030766968411576417,0.00794934547431391,0.02537228630440081,0.00488593125625678
2018-10-25,0.017781503467273575,-0.004719167920382416,-0.0009742906412947014,0.002589199304805741
2018-10-26,-0.01774385219246977,-0.012766303134777966,-0.02149659420797053,-0.0033153749110911316
2018-10-29,-0.005555657718428082,0.011690855813862727,0.021850951575728902,0.0022805153235918667
2018-10-30,0.01470961665265742,0.02487108573778082,0.007764915485735358,0.00444238858957794
2018-10-31,0.010624262088687534,0.00523503055065178,-0.012292883708506773,0.001236171142941447
2018-11-01,0.01058568308023029,-0.002928149248873496,-0.0077715511758431575,-0.008789658900664616
2018-11-02,-0.0059405640231585035,0.005431321684174885,-0.003053653050470703,0.0026968394795528266
2018-11-05,0.00550182167146185,0.014272748201279335,0.028553180734623814,-0.0019700606922040892
2018-11-06,0.006307855964796173,0.008589025857081354,0.007142733068697563,-0.0003114006313841299
2018-11-07,0.0211829607775494,0.0052801211908191144,0.00346587498727475,-0.003327786924321495
2018-11-08,-0.0018166815704466737,-0.0008104099093966208,0.0038848046130003787,0.0066445364029446095
2018-11-09,-0.009816070902739676,0.007069923760248854,0.01216089154104921,0.0027900226644436868
2018-11-12,-0.01886218242920341,0.0038171695685504806,-0.004350601752572939,0.0064798091328552585
2018-11-13,-0.0018726335893019823,-0.000200510018253349,0.0014522105040172032,-0.002463539111703472
2018-11-14,-0.006860083441329372,-0.002007733310878847,-0.004191805409470614,-0.005151994747421748
2018-11-15,0.010382451461151503,-0.0004017794628299898,0.0012851307413178708,0.0013420458439761971
2018-11-16,0.0025972803470593474,0.008607701098564464,0.013183421817971257,-0.004756979816761442
2018-11-19,-0.017059348757994034,0.006753949880780625,0.005561022881128938,-0.0029066642905637044
2018-11-20,-0.01867951175673801,-0.02262564290412855,-0.025617401665144725,0.006424841967840531
2018-11-21,0.0034016823251152625,-0.013250757881460809,-0.006226238474627883,-0.0010334692513031467
2018-11-26,0.016015373879180166,-0.0030646972982651265,0.003891595339562873,0.0037155643181185426
2018-11-27,0.0033588920053557844,0.010179257450954741,0.004993662794555468,0.0030858186180851644
2018-11-28,0.02276400899593693,0.006863185548277618,0.017536774417820932,-0.005974490578445382
2018-11-29,-0.002187308512903058,-0.006917552653558451,-0.0019428099729799442,-0.00010334386790452241
2018-11-30,0.006076777382189268,0.028579153637464674,0.03055894823331191,0.005050233617851522
2018-12-03,0.01315437831019746,-0.014187484290245146,-0.024573711194954335,-0.0023673082995181033
2018-12-04,-0.03293882827503335,-0.0022161919143760173,-0.00996699017369784,-0.0007216091654138691
2018-12-06,-0.0015183241808682702,-0.004042127206342827,-0.0002740333536320087,-0.0016513953914703804
2018-12-07,-0.02351027357031715,-0.005889956376259896,-0.008768270837702884,-0.0031036174595921915
2018-12-10,0.0018953703681398025,0.0030508485695280316,0.003189612536860216,0.007329812119545989
2018-12-11,0.0002272590741052446,0.006074249168876453,0.009422795897201422,0.0017470655326213172
2018-12-12,0.005022618835987346,-0.006480530807599551,-0.002475563079739889,-0.003600255635690914
2018-12-13,-0.0003389278205003406,0.005066402319778954,0.011472254972306221,0.00020604475316177324
2018-12-14,-0.01863745085892649,-0.002631352391258895,-0.037886469912863555,0.003907510193577321
2018-12-17,-0.019813234469854446,-0.02068251481905705,-0.00952300671018181,-0.003495469434300203
2018-12-18,-0.0010972329459177576,-0.00020698788253547762,-0.009167476215799959,0.0004118710516137875
2018-12-19,-0.015088999424327128,-0.00873007675850148,-0.01622530753129131,-0.0010299565640528015
2018-12-20,-0.01641186582222243,-0.007544078911299827,0.0015435859916298775,-0.007862673834137246
2018-12-21,-0.02070233136768923,0.0006309312505562243,-0.0071939153189120135,0.007037912642491261
2018-12-26,0.049289907276320405,0.02109889396137925,0.021459983133981075,0.0009278281815463767
2018-12-27,0.0076480377911229145,0.012490932730274457,0.010011512953797763,-0.0058905732872680545
2018-12-28,-0.0012909298438029558,-0.006967326007388454,0.008554093356570872,-0.0009333123091904052
2018-12-31,0.008720759592957211,0.0031730806997819715,0.0010867970775136583,-0.0022850157791519956
2019-01-02,0.0010397803098092428,-0.00890980534706647,-0.010921264872246804,0.006736141674937097
2019-01-03,-0.02415214872157454,-0.006198664521211921,-0.009377410618523577,-0.005281451136241998
2019-01-04,0.03294686905109971,0.019743900337301022,0.020298675490770413,-0.0012467026777095323
2019-01-07,0.00785389108805113,-0.013119221523896551,-0.008636191344053452,-0.005002650903429855
2019-01-08,0.009351526874803864,0.011225406473041492,0.009540842844798558,0.001983221158362685
2019-01-09,0.004662546182749874,-0.019351942038837652,-0.028341474523183134,-0.007115981214347269
2019-01-10,0.0035212638771174028,0.010679256333500248,0.006121428864231425,0.00335500095828451
2019-01-11,0.0003862193322490522,0.005719797941702176,9.244409908885595e-05,0.0013597330063223076
2019-01-14,-0.0061195023643858685,-0.004021450970278277,-0.007796473390113762,-0.0008365767857184733
2019-01-15,0.011395674345251095,0.008868153784768306,0.015441050694668898,0.003967481584089056
2019-01-16,0.0024168099631455,-0.013758222909761907,-0.005981740133068127,0.0009373154720789112
2019-01-17,0.007558230709379988,0.0029792807476770734,0.008089742713353179,0.00010411842380147599
2019-01-18,0.01322216427733131,0.011619507178281484,0.007752353465779401,0.002806473944679403
2019-01-22,-0.013602658170265316,0.0023077006390448385,-0.0014548026624681418,-0.00041521269553680814
2019-01-23,0.0020902916079032657,0.011459633198569295,0.007433100815102133,-0.0018709110514125024
2019-01-24,0.0005311760494858594,-0.012088407195843741,-0.011170361093094215,0.004981285979845186
2019-01-25,0.00842599858859694,-0.006732685882160694,-0.0013707180155385697,-0.008420420470173488
2019-01-28,-0.007629249418332941,-0.00423102036122262,-0.0048586791332940246,-0.00041767689169542764
2019-01-29,-0.0013279252197497865,0.0048640406350822065,0.0016528356928204584,0.0007308002093346978
2019-01-30,0.015706698481715277,0.009657847654716837,0.016559315577239695,-0.005022016904459742
2019-01-31,0.008744200907242247,0.005625649590127527,0.016555965474275482,0.0025142009416812875
2019-02-01,0.0004814553861984027,0.011773438491808882,-0.004269183996488416,0.0
2019-02-04,0.007010692829802934,0.01123031796177319,0.007989899884046308,0.0028208412648959165
2019-02-05,0.004183177923801512,0.0002028278371368473,-0.0016813487119031094,0.002604846526007075
2019-02-06,-0.0013191878885183085,0.0,0.001327645984465088,0.0033243298888583233
2019-02-07,-0.009578272666617592,0.0032429261226165486,0.00035370272743815806,0.000933022066781138
2019-02-08,0.0012206001233763587,0.0016174860865726126,-0.0006192071601838939,0.0013460758169269156
2019-02-11,0.0005543689457787171,0.0022197697040505222,-0.00044227656038434046,0.004336590952711256
2019-02-12,0.012777603678139316,0.0010072915138409392,0.0072323419020710695,-0.0036125185613491797
2019-02-13,0.00324152102833243,0.002614418620465529,0.0028956033737164394,0.004333458874714606
2019-02-14,-0.0022207348041552075,-0.08812560530222241,-0.013497565133902857,-0.0015454528449521325
2019-02-15,0.010838254754849896,-0.007706903388002247,0.02906119267265284,-0.0006189292360145267
2019-02-19,0.0017292019190310011,-0.009104155041842725,0.00017264492851666626,-0.004135671078728945
2019-02-20,0.0020134775859506357,0.006004740452967407,-0.0008628850369787616,-0.0007254982662519485
2019-02-21,-0.0035621082476075265,0.01671116095330962,0.0023281041812208683,0.0016575541361932384
2019-02-22,0.0061807560013439015,-0.012727908730554344,0.005668746262032832,-0.0010356097932493662
2019-02-25,0.0013603695618280408,-0.007537361608100721,-0.0060133480585531866,-0.0010366833928195224
2019-02-26,-0.0007156811959577647,-0.005578343896216927,-0.0007758415855395126,-0.004261777193198242
2019-02-27,-0.00043008865204401933,0.005578343896216799,-0.0051870056378462885,0.0015612964367278633
2019-02-28,-0.0018642943526654251,0.008861655090943782,0.010413789070106943,0.00010402096583284309
2019-03-01,0.006224760995238357,0.0008817067758678181,0.004658748153946168,0.0038403193442849287
2019-03-04,-0.0036441353376661574,0.005931997585462101,-8.607097566553614e-05,0.0015527307771561066
2019-03-05,-0.0013610685511283272,-0.001096004244311569,-0.0012059125253899568,0.0017568151060931927
2019-03-06,-0.006075348303766246,-0.0032946017074497974,0.005414911841333439,0.0002065276936401051
2019-03-07,-0.008400550201109736,-0.003747391892411722,-0.004811773800522192,0.008224528920454022
2019-03-08,-0.0020021504382562788,-0.009764892634719578,-0.007521720683695757,-0.0030762475136783527
2019-03-11,0.014397182938520603,0.02944640018277294,0.011733252505219526,-0.0015417190249468634
2019-03-12,0.0037640307509607773,-0.002819440887838706,-0.00017147409405468577,-0.002884208571455564
2019-03-13,0.006597494324209395,0.0036852060451564423,8.584549276437756e-05,-0.0040312151193654016
2019-03-14,-0.0006402848670078608,-0.0026225101701941506,-0.009307178163794805,0.0024826521373223884
2019-03-15,0.004928723495021506,-0.008791405603728193,0.0013842252410037198,-0.0019649671972771826
2019-03-18,0.00361922161228908,0.0024252160115433245,0.013824121290089282,-0.0008285194454623186
2019-03-19,0.0002478905845020787,0.003298071458734553,0.006968070913387721,-0.0014515232624028693
2019-03-20,-0.003014603476540502,-0.0006587446836718377,0.001945842395815023,-0.0064535991568705165
2019-03-21,0.011231618156939632,-0.0004393743016909695,0.009421287581097204,0.007697924787051676
2019-03-22,-0.019434059405640077,0.009186293935641496,0.010659656484913725,0.0015532130970757159
2019-03-25,-0.0007523639376246184,0.002174983352166519,0.0010763516967320103,-0.000828090623340484
2019-03-26,0.007426586213717233,0.013165084501999142,0.009634783381666357,0.0017588144939775642
2019-03-27,-0.0052428148730284275,-0.0006433100310989122,-0.0010658919684424565,0.00031004889038054257
2019-03-28,0.003783163591037494,-0.0006438121501523134,-0.00041032798984846344,0.004433685866674073
2019-03-29,0.006285589655850737,0.005993175797558366,0.005810391952822792,0.0008227255998030354
2019-04-01,0.011789634371326949,-0.0029920542654170647,-0.004498081443470996,-0.00030842317095490464
2019-04-02,0.0004896511061741112,-0.003215876407440226,-0.00262641236017118,0.0011304724497337901
2019-04-03,0.0015724783100775333,-0.00840966533011092,-0.0009866773921428443,-0.00277710928494477
2019-04-04,0.002649766098776503,0.006475146017631651,-0.0007405971741349834,0.0022633880815973464
2019-04-05,0.004828413146403974,-0.00021495234901445443,0.0012341579903100055,0.0009244925696552881
2019-04-08,0.0007621519532002048,0.00171982350238476,0.0031195289361390824,-0.003599885254366485
2019-04-09,-0.0051379075356049,0.0025745973353055135,0.001392441351292212,-0.0004122530663143874
2019-04-10,0.0034052635037669136,-0.0006430721196462409,-0.0010646493153184387,-0.0006187377829022478
2019-04-11,-0.0002778498973184932,0.0014998003239000087,-0.0030363178368797007,0.002369581907057722
2019-04-12,0.006743351341740341,0.000642196375711625,0.004591930975734948,-0.0021632672131551888
2019-04-15,-0.0006552035647122833,0.005547185492892821,0.01163152254749438,-0.0003094093029720691
2019-04-16,0.0006552035647123252,-0.0010643693050896713,-0.010159743093567633,0.0010310184683860466
2019-04-17,-0.0024500999613087998,0.007004061296068997,0.03688963748174827,-0.00030918607641405036
2019-04-18,0.0019675213143319947,0.004221177506388556,0.000629629026137354,0.004730562879087752
2019-04-22,0.0008613655566359611,-0.0016863679978849236,-0.0051275051655989175,-0.001951245203493584
2019-04-23,0.008951539305371322,0.016944210924907124,0.005127505165598959,0.0029766603225857232
2019-04-24,-0.0022217751258668253,-0.004782159683540766,-0.001338564178068176,0.005417285024899872
2019-04-25,-0.000616213162094226,-0.0029221088367713532,-0.006243727592873358,0.0010188332664601654
2019-04-26,0.004646071376462086,0.008741089258774407,0.002138274445580416,-0.0019366482063220283
2019-04-29,0.0015663384818276555,0.0033096048774291175,0.0022917075444807205,-0.001531643979169652
2019-04-30,0.0005103757247110912,0.01313138071615652,0.010677542768360068,-0.003890628903807604
2019-05-01,-0.007544957990067403,-0.009626400983875932,-0.006345682014274965,0.0021519614620567028
2019-05-02,-0.0021612470590004463,-0.004124633339753495,-0.0032272964405375276,0.0014320725298226226
2019-05-03,0.009740321602012504,0.006796508687223106,0.006601057416975815,-0.0031738464360480108
2019-05-06,-0.004123784102418147,-0.005144528705949381,-0.003138030446822816,0.0
2019-05-07,-0.01684084298021392,-0.009744151519926051,-0.010187575510358303,0.001127344355029096
2019-05-08,-0.0013899953589818353,-0.003129900237257487,0.0003173733430900921,-0.00010237651057280918
2019-05-09,-0.0030302792144308675,-0.009448911157415689,0.000238076972346062,-0.0025642353960980972
2019-05-10,0.005010705238467716,0.0165293515722643,0.015429671878777692,-0.0004108979470948254
2019-05-13,-0.025451402454140317,-0.002909356394761189,-0.0066622277999382916,-0.00010277047172739629
2019-05-14,0.009003003601917383,0.01323157553346992,0.001964150592510873,0.002155495688218043
2019-05-15,0.005840439286899283,0.010013232979824236,0.015111689517577952,0.0004100555243534865
2019-05-16,0.009218564555501131,0.008100536252853455,0.0070875011683611214,0.0027633879572475633
2019-05-17,-0.006486094686847657,-0.007694026355514736,0.0018402530138718358,0.0016340247212281787
2019-05-20,-0.006633855552919721,-0.00713923434948783,-0.0039921093667257684,-0.0007145378216042793
2019-05-21,0.0089750462407921,-0.005130803725333065,-0.007257589721908007,0.001326570477053818
2019-05-22,-0.003076091550163578,0.02137490953041408,0.007872851636701145,0.000509793070372368
2019-05-23,-0.012293880299641582,0.004020005548879371,-0.0007691208969497911,-0.002653626148370028
2019-05-24,0.002265891705484509,-0.004825899978537605,-0.0036228320410435686,-0.002455724808188649
2019-05-28,-0.009344129023420668,-0.010333431497916322,-0.014545417109378478,0.0035792692982014075
2019-05-29,-0.006733229052355034,-0.010029713660553203,0.004222012117798431,0.001835801704528244
2019-05-30,0.002727494803215232,0.013080136662278969,0.0034271372783131917,0.0
2019-05-31,-0.013566936620694456,-0.0024394767287995054,-0.004754414841267462,-0.00398182557708955
2019-06-03,-0.002546152897704558,0.01715297904494634,0.0076271232606094745,-0.006259968231091945
2019-06-04,0.02147434945693331,0.0004000044006257127,0.0006976794443242416,-0.0007208660541215514
2019-06-05,0.00862478610635677,0.015479493512877,0.01781497692412371,0.0030858186180851644
2019-06-06,0.006481677498034032,0.01213571020613543,0.011775526763113206,-0.003497986741816167
2019-06-07,0.009957327480098619,0.0017494296704906756,0.011226176298862852,-0.004337934609427309
2019-06-10,0.0045784574215367935,-0.0021384570920983293,0.0008986178272527327,0.0015514459723424503
2019-06-11,-0.00024236375754334454,-0.0009736704278064887,-0.00292346528466445,-0.0007236980741580867
2019-06-12,-0.0017665462092040002,0.006021086115813124,-0.0004507055803747612,0.0032009687580950587
2019-06-13,0.004117608776336626,-0.002149103784880749,-0.0015033950735239858,0.00010310949053337827
2019-06-14,-0.001105810068022284,0.003514408129347578,-0.0015808093069904906,0.005755977998179947
2019-06-17,0.0003802944332259532,-0.008612369279154415,-0.0015833122222092073,-0.0001025176690412685
2019-06-18,0.010416694924239946,-0.004531612625497612,-0.0034772985975793083,0.000819690950664302
2019-06-19,0.002254497504370947,0.009434094454735179,0.005964418937489107,-0.005339883682238628
2019-06-20,0.009508949251994518,0.01050795763711999,0.0098124907813267,-0.005058132003962697
2019-06-21,-0.001454678930691637,-0.002131612624570146,-0.0014918958203909579,-0.004251974629626087
2019-06-24,-0.0012251470485717772,0.0071517312059256825,0.0013426376234090592,-0.0024973775524480095
2019-06-25,-0.009856567780421481,-0.0030864168754527257,-0.0024632938059964086,0.0018736374649532968
2019-06-26,-0.000997557496490572,-0.012441659343022706,-0.01119730975647415,0.0005197839868493386
2019-06-27,0.0035397221762359424,-0.0007827774095370966,-0.004772621074513259,-0.00020786531164056955
2019-06-28,0.005132411264046846,-0.003137251470023723,-0.00426145475456836,-0.0006240140394201017
2019-07-01,0.009037559838245808,0.013265794706015839,0.005627220251959723,0.007358680747589563
2019-07-02,0.0026011183376527243,0.0073373434715985,0.004237653589407707,-0.0011364673551580555
2019-07-05,-0.001138557884595587,0.00019180270282039387,-0.00726564222249275,0.005361355599938656
2019-07-08,-0.005509972760281704,-0.002113107348692817,-0.0034642053269277216,0.0013358400512131527
2019-07-09,0.001245513361911754,-0.007915966669924775,-0.006205065215496234,0.0011289641791076164
2019-07-10,0.00476688370138628,0.004448429743427865,0.020064555594483176,-0.004008427146107153
2019-07-11,0.002341279643022805,0.004236470546396543,-0.00044658715583044357,-0.0005150185225385936
2019-07-12,0.004467188653279596,0.0015360176917134448,-0.007996196274906314,-0.0024760715467845346
2019-07-15,0.00033229284203140086,0.00019196321856414816,0.006506411577949181,0.0012388021394845383
2019-07-16,-0.003230216984166482,0.0001916923416353118,-0.002612264302117751,0.0048371546616665035
2019-07-17,-0.006828294951086795,0.0007668698277864189,-0.007652647745283584,-0.0018497621411972275
2019-07-18,0.0036542116474025475,-0.002878838325721507,0.0007527945493644423,-0.004432771553498426
2019-07-19,-0.005570632825435418,-0.012376773242374963,-0.021219775671112013,0.003712498909969709
2019-07-22,0.0024534644754306014,-0.0033134743530161877,0.0014594316793635567,0.0011316354098901474
2019-07-23,0.0071247652015092875,0.05894648299311239,0.0035246628537737705,0.004616071646647899
2019-07-24,0.00468864692148844,-0.010175154912199318,-0.01177163294831841,0.00020471011339450422
2019-07-25,-0.004788572903690658,-0.01328956348506478,-0.0017040606560058031,0.0009204432916388993
2019-07-26,0.006677663278182854,0.02051518787868132,0.01714045620610087,0.001940484085691869
2019-07-29,-0.001822860038563959,-0.0033281737921466385,0.0023595709107467663,0.000306031921081658
2019-07-30,-0.0024577555359333956,-0.005013500777924375,-0.008015115280208554,0.00010201576864480276
2019-07-31,-0.011000531960743727,-0.02049899444320471,-0.02067505634929535,0.0047819554118503005
2019-08-01,-0.008746181292688112,-0.011466035865862633,-0.005255929572353063,-0.001320372504427066
2019-08-02,-0.00755783488621657,0.0057494904542853284,0.006116157622170255,-0.0029518156572877624
2019-08-05,-0.030534865995895832,-0.013079678498285174,-0.027902856400940694,-0.006134973013194671
2019-08-06,0.013925712206671168,0.01193245302496337,0.016344727753394527,0.0013324171012161071
2019-08-07,0.0005904717608445633,0.017259875194811095,0.010463037939277504,-0.0009222354369379221
2019-08-08,0.019430129614851927,0.009544170331575941,0.013139272143714863,0.000819858926365172
2019-08-09,-0.00683489797905253,-0.005041509683230098,-0.00674239481731332,-0.001332631865568523
2019-08-12,-0.01224776137046023,-0.004126803777251283,-0.001945844419698783,-0.0011289641791076938
2019-08-13,0.015431734302145615,0.005623247264819364,0.012234665362810836,0.004405973791930665
2019-08-14,-0.030013494295110892,-0.009578304695725341,-0.006253432216916104,0.0018386145055329314
2019-08-15,0.002638249074247739,0.01647048821274611,0.012315457317867541,0.0015296135953325337
2019-08-16,0.014647302860660799,0.009974204696425208,0.007924324021446561,0.0
2019-08-19,0.011975774413813709,0.005132832727070457,0.006128763424922573,0.002137504877720227
2019-08-20,-0.007692232552145916,-0.014921536169244898,-0.0038544441663323392,-0.0016281272749836817
2019-08-21,0.008102468091113752,0.00407490212755821,0.0021181757030943383,0.0011196561531680847
2019-08-22,-0.00030757983584026494,0.007183036613042664,0.002415125672222311,-0.0013234071459158436
2019-08-23,-0.026023255539875143,-0.013859758064161072,-0.018180323901605348,-0.00541341177883454
2019-08-26,0.010997882786410037,0.01477689785228272,0.02628832782543827,0.004496251583173567
2019-08-27,-0.003931509058834944,0.0032948897637494513,0.0075978037155647864,-0.0008160121863206838
2019-08-28,0.007016899611331632,0.007101864526312201,0.0031858161077794964,0.0021405551769712607
2019-08-29,0.012692180937865796,-0.0010892488679648893,0.006120767712218531,0.0030500537054619433
2019-08-30,-0.0004446189010572857,-0.00018163225076107587,0.0052063300684736255,0.004153336589750415
2019-09-03,-0.005864276262443998,0.004712632315782853,0.005324745145910741,0.00030321706440593907
2019-09-04,0.01128672775641967,0.008463202843265006,0.01221927661323781,-0.005065867120075074
2019-09-05,0.012773293102443736,-0.011723404867451302,-0.016157776790517737,-0.0004063119634158585
2019-09-06,0.0007719071164081475,0.001993616562993239,0.010170190265017615,-0.0002032954493865235
2019-09-09,0.000503221225086409,-0.012938615325190589,-0.007086280622001365,-0.0011186314419722764
2019-09-10,-0.00023488982826853945,-0.0022035234580290858,-0.003966691920878042,0.0005086521812793872
2019-09-11,0.007085934979648592,0.006778395173216616,0.0036733059360777973,0.0032490605226349663
2019-09-12,0.0034577540775252774,0.0061885778741393414,0.006797070636050388,-0.003452521391146258
2019-09-13,-0.000663923940595002,-0.008259158690795779,-0.006210502395891905,-0.0005086780639868212
2019-09-16,-0.003093839288880853,-0.0055442473978572875,-0.011499355982543952,0.0039611994551330635
2019-09-17,0.0025289996879910275,0.005175655172572927,0.006061106887055422,-0.003961199455132959
2019-09-18,0.0005979938105646301,-0.0001844215331996281,-0.0014748943866371715,0.0034541976520513214
2019-09-19,-6.65193658159205e-05,0.005333427168937372,-0.00014789358325227177,-0.0033524879191186474
2019-09-20,-0.004736012985148505,-0.011251672937083325,-0.005699632895962825,0.0024393293389793013
2019-09-23,-0.00023469629500562434,0.004257143423523521,0.005404491385320088,0.0009131585801393265
2019-09-24,-0.00787764078368149,0.0029510419521441367,-0.0005907817119627929,-0.002640421388617224
2019-09-25,0.005897188898954833,-0.0023971090724213763,-0.001996795841047353,0.007092993435774775
2019-09-26,-0.00208527665171981,0.00405324646993726,0.0046528059183302975,0.0017149882533332049
2019-09-27,-0.005401855227022846,-0.0014719535816961882,-0.0008844741639495927,-0.0010084558566931963
2019-09-30,0.004626965839821367,0.0023907884462698826,0.011001206916386647,0.002720507960061469
2019-10-01,-0.01196584805462558,0.0038501057056918374,0.001967315824907011,-0.0025187661990677145
2019-10-02,-0.01782258546407688,-0.029149058653709523,-0.025286013409237338,-0.0009082741576337149
2019-10-03,0.008159334651661692,0.014216442922280753,0.029354359868242866,-0.0018191041275906017
2019-10-04,0.013441451433312403,0.01291779892889553,0.016894094671229504,-0.0005059245539288802
2019-10-07,-0.004324061501498869,-0.012360705457748788,-0.013926138813749107,0.001820023852667955
2019-10-08,-0.01564641075378636,-0.005397879724834648,-0.007983149332520862,0.001514173084516282
2019-10-09,0.009451524286908713,0.004655069450426461,0.004435080053703907,-0.00020172140541462153
2019-10-10,0.006740747347479397,-0.003163000958692564,0.00029021521898041233,-0.004145015875675361
2019-10-11,0.01031355011181151,-0.006731644986188742,-0.001814995165323825,-0.004162190956407235
2019-10-14,-0.001114384078900087,0.0,-0.0013813131556513745,0.001524715888616756
2019-10-15,0.009851422470394756,0.00393236705000333,-0.008181784757511945,-0.0016264721939960077
2019-10-16,-0.0016071124513723813,-0.0003739103319951146,0.0006599072236885284,-0.0028527658159559956
2019-10-17,0.002944805427826551,0.005592751705634973,0.0039505588462965206,-0.004089582637299097
2019-10-18,-0.004386906946371589,0.018237554537271508,-0.005197389890999994,-0.003386547770324567
2019-10-21,0.006756146076377266,-0.010090802056646152,-0.0009547519319512061,0.0005138795817415408
2019-10-22,-0.0032719829521006528,-0.007031915837191025,0.0039593661864500305,0.002052725216490631
2019-10-23,0.002905462225632928,0.014563821692108169,0.005764094324027965,-0.0006153595947385376
2019-10-24,0.0016326879778267912,-0.0005492406572009217,0.00319630832097515,0.0016401442320135907
2019-10-25,0.004086516862099305,-0.01587333318474682,-0.009106688285425001,0.002046502081018899
2019-10-28,0.005620745147636153,-0.003354334504973826,-0.0005125798138507947,-0.0007157799109669424
2019-10-29,-0.00029676719951054,-0.002991315870901698,-0.0035943723548645455,-0.0007162926188557948
2019-10-30,0.003062562452037992,0.009874293154889966,0.006007819354059354,-0.00040955170752591836
2019-10-31,-0.0026667887541472124,0.009043267307641958,0.001970421592528925,-0.0030769568046334138
2019-11-01,0.009221310580126695,-0.009784963493802468,-0.0017512419158579415,-0.0011305886647711926
2019-11-04,0.004009445027066899,-0.014200579454096706,-0.013010467343921882,0.002772831275553376
2019-11-05,-0.0011066210605567386,-0.013641856200633313,-0.008544830775501786,0.0048084517170082835
2019-11-06,0.000227852565322958,0.007223053245823222,0.0032033419922219554,-0.0003062972375773831
2019-11-07,0.0035106541257265097,-0.00970593075822223,-0.008365616693453351,0.0019379112082973135
2019-11-08,0.0024632551100047216,-0.0015311133793759289,-0.0014262245587388946,0.002137504877720227
2019-11-11,-0.0019119071881125776,-0.007112093114355863,-0.0055739587813387675,-0.0015263450368287173
2019-11-12,0.002105787126761863,-0.002510769455476136,-0.0031015514934629937,0.001119542261623349
2019-11-13,0.00032376184272336385,0.013446105301448024,0.00987661961009133,0.0006101809005178846
2019-11-14,0.0014545151028430895,0.004188998219533148,0.00030026279543218315,-0.0021370697353896044
2019-11-15,0.007210451322340916,0.0007595870616954953,0.0035933189719947675,-0.0016313590396361444
2019-11-18,0.0007373723807373736,0.006811814643519966,0.0018665973983119108,-0.002145146984210623
2019-11-19,-0.0002885730776911207,0.0009424642059107624,0.0037972894064937125,0.0007155604116033268
2019-11-20,-0.0037255550039739455,0.0026340020249166177,-0.006186950153124111,0.0007150487510028528
2019-11-21,-0.0016103359847937058,-0.0048973186487577995,0.0012702763354469604,0.000612469998264637
2019-11-22,0.0022215075150119027,0.0013208524179306401,0.0011942369606781778,0.002853347366793373
2019-11-25,0.00772028499746756,0.0035764662308272015,-0.0017918307057013683,0.0005087039398503812
2019-11-26,0.0022632326524308134,0.012696317659313264,0.013876332739201063,-0.0007122114045053861
2019-11-27,0.004447566303583406,0.0009271091562803835,0.0015463251147164031,0.0016272113742997409
2019-12-02,-0.008531019562168084,0.006532829576633143,0.0003683860084053953,-0.005604570025705758
2019-12-03,-0.006729263196042347,0.0009298829752481853,-0.003095965980297076,-0.0012270221122121542
2019-12-04,0.006151531642250277,0.009066660765136304,0.013491838476063181,-0.0009211970370645112
2019-12-05,0.0017962920608280784,-0.0018437485144453182,-3.672054217711346e-05,-0.00246076057102523
2019-12-06,0.009092477919049437,0.004235307638257891,0.007453574548442008,0.002972615435067598
2019-12-09,-0.003148972840226766,-0.006452139393197394,-0.001457028805847656,-0.0006142885390111692
2019-12-10,-0.0011156500073410012,-0.005563861788189426,-0.006510072925198693,-0.0023583268960564625
2019-12-11,0.002834600708817284,0.003341956185789788,0.0060725383597614434,-0.0025697705521583207
2019-12-12,0.00858204266275971,0.003515623768618057,0.0005832981460023007,0.002467084489092802
2019-12-13,0.0005989182775546837,0.005158421226978845,0.005524948936203332,-0.0023642233070768786
2019-12-16,0.006846547871271405,0.0,-0.006400198291904651,-0.001029638427258675
2019-12-17,0.00021925573198498439,0.0,-0.006514604987076427,0.0014412128346793487
2019-12-18,6.248104969011492e-05,-0.00941560515674321,-0.001469888530174766,0.002055334962721688
2019-12-19,0.004090644278783257,0.0075764124321001216,0.003670678174791043,0.00010259720526384372
2019-12-20,0.004374517911283516,0.011895130407660666,0.010568937620926597,0.0029723890034826007
2019-12-23,0.0015266688863075583,-0.0010921102221360373,-0.006401129852853968,-0.0005118024543353672
2019-12-26,0.005309199663568394,0.0056502245186389995,-0.0014620351722111197,-0.0007171045041617427
2019-12-27,-0.0002476948931018812,0.0059798842323034625,0.006199201621394026,-0.006889114572020835
2019-12-30,-0.005528407449715467,-0.001446333683834662,-0.005321584183739931,-0.001858931743237913
2019-12-31,0.00242615852431425,0.0014463336838346995,-0.0010239035894925928,-0.0036244898488808513
2020-01-02,0.009308557135070014,-0.006525148283711466,-0.0062387870031579504,0.004760918634158697
2020-01-03,-0.007601076006121114,-0.005470594425993311,-0.001399967065049042,-0.00010327984415574736
2020-01-06,0.003807856715880694,-0.00036584100940345566,0.0038266122819635958,-0.0017569967185531493
2020-01-07,-0.0028158694580011634,-0.007712041969892908,-0.015842720274073328,0.003201708756683483
2020-01-08,0.005315450823219391,0.00184156371375102,0.005135643299376405,0.003294214264470894
2020-01-09,0.006757726122562623,0.018051520421796065,0.0006678593876525942,0.001540374081053393
2020-01-10,-0.0028818220460698246,0.0034271821673043357,-0.001930721511956343,-0.0009239396891402586
2020-01-13,0.0068538109492135724,0.010747110143854896,0.014757127842560266,-0.00010273880423501726
2020-01-14,-0.0015257994940972425,-0.0023186873672681467,0.0023409916817493815,0.00020546705429241687
2020-01-15,0.002257364773998704,0.012422629566099337,0.01702650530079704,-0.0014388428510839087
2020-01-16,0.00828389102805423,0.0021139725859257276,0.002940934533555168,0.000925174432261699
2020-01-17,0.0031078470095569624,0.002109724303746163,0.011749454188088029,0.0029754386603104773
2020-01-21,-0.001960091227837234,0.004031239390918977,0.004238429412851976,-0.0008199429720924455
2020-01-22,0.00012060559891869154,0.007666946470716615,0.010657711093552449,0.0
2020-01-23,0.0011462074383754542,0.003811472731460849,0.0018814760428794617,0.0016392141884711308
2020-01-24,-0.008932891281595065,-0.002597132776167224,-0.005094769930567509,0.0016364535918099031
2020-01-27,-0.016159095398514147,-0.0034734624719931257,-0.005472577120124791,0.0011235444900128861
2020-01-28,0.010424544132980093,-0.008210372870406695,0.002108451999527124,0.0006122824959291072
2020-01-29,-0.0008262512386685754,0.0,-0.004997188958693182,-0.00030609438673345773
2020-01-30,0.0032400891150914705,0.03193512590032475,0.014708215892207714,-0.0012253153459300177
2020-01-31,-0.018324795170170122,-0.007845922161844182,-0.012663948892070287,-0.004916565795280975
2020-02-03,0.007401040784027631,0.0030774787694389178,0.0034440984457664854,0.004201078538817561
2020-02-04,0.015126274656383405,0.004428593334519843,0.004969682881574283,0.0016346144931978252
2020-02-05,0.01148193899364989,0.00016987135997469847,0.007512668038892818,0.0031595354759889898
2020-02-06,0.003359162814157066,0.002376193265888015,0.00020793078123315008,0.002337789964017686
2020-02-07,-0.005344031960623316,0.0033845648736216564,0.007179839670124065,0.0018257465756925959
2020-02-10,0.007437641042763995,0.009416598167927219,0.001992911297480939,0.001518926161673082
2020-02-11,0.001731547651720678,-0.002681372567009139,0.0028792357790608653,-0.0011136483930240843
2020-02-12,0.006422032482419537,-0.0030253065513698753,0.0,0.0033372314324503645
2020-02-13,-0.0010675097155733088,0.0033608127426695863,0.002666227871879701,0.0002018639496980783
2020-02-14,0.0016009765673365315,0.005687519721014745,0.003543912156652027,0.0005045971260188074
2020-02-18,-0.0025804130781892035,-0.0070304897148532495,-0.009501372775175534,0.003424279051060143
2020-02-19,0.004769798847799706,0.004023444299068329,-0.00048096906278540706,0.0014066051888710213
2020-02-20,-0.004116548864213043,-0.0008368305182121305,-0.0025457228328047933,0.0027072184861321323
2020-02-21,-0.01035172341716128,0.00684190613005158,0.00474220901109679,-0.006126676075756423
2020-02-24,-0.033727811184327945,-0.02492126030914373,-0.02225467213726395,0.0003021785853846842
2020-02-25,-0.030770894386574325,-0.01425296505920265,-0.01085521773142338,-0.0032280840235715614
2020-02-26,-0.0036848777883948746,-0.003812133456402654,0.006217402903484713,0.0003030638919179913
2020-02-27,-0.04595155161637966,-0.047462915482880924,-0.04031446214606771,-0.005672599810777739
2020-02-28,-0.004210269370847623,-0.026564791804876017,-0.0323425117402598,-0.003154148094629094
2020-03-02,0.04239488897025199,0.04442725662473139,0.04117638172848914,-0.007877647280893692
2020-03-03,-0.029050258142246304,0.002500541502221106,-0.01464367298172246,-0.002159263418418368
2020-03-04,0.04117350802365573,0.04975792851836738,0.04900792270923301,0.0019537752536019633
2020-03-05,-0.033806743414902585,-0.03770108076078215,-0.02386224606212491,-0.005356385423915853
2020-03-06,-0.016669213764748884,-0.026430128778721293,-0.006101180601490535,-0.00902639071155808
2020-03-09,-0.0813124999694839,-0.06350150123126325,-0.05311234277746171,-0.011003468953308716
2020-03-10,0.050450464735540275,0.034120061660708925,0.030119451589304763,0.015786246966343988
2020-03-11,-0.04997657989893785,-0.027393812053045787,-0.03327441182403104,0.001036683392819497
2020-03-12,-0.10056896127349148,-0.10172798223643748,-0.11772531723005736,0.009897998819150069
2020-03-13,0.08202821778336863,0.03613081425187394,0.09983986049779217,0.013046752908227162
2020-03-16,-0.11588665296666228,-0.06852160565416342,-0.1195401997935742,-0.0067060165391842055
2020-03-17,0.05258487660235582,0.04154653060325308,0.12165648776154908,0.015075972359764923
2020-03-18,-0.05195970179699413,-0.05064638719714364,-0.054711354486479416,0.01574209840111209
2020-03-19,0.0021227536344595403,-0.06970985586934215,-0.030053397532548647,0.015692735027299457
2020-03-20,-0.044050321111220314,-0.08816386744336618,-0.1213581488706354,0.0005836906290763782
2020-03-23,-0.025900729026749187,-0.019510287695008732,0.011955597763066178,-0.003214671659135032
2020-03-24,0.08673095029964199,0.049094460363291535,0.07912083483791404,-0.007344693602503864
2020-03-25,0.014859283102341945,0.053306517964048554,-0.011840656838573452,-0.006805044347558383
2020-03-26,0.05674872336548517,0.06241828216276459,0.0667028115291893,-0.01626219180094399
2020-03-27,-0.03023837739889743,-0.03398709430185733,0.001661588038338098,-0.010617374803561131
2020-03-30,0.03195952978660752,0.049890756125044476,0.0408287418262032,0.00820047669237915
2020-03-31,-0.015017490981771233,-0.016807169197364722,-0.04382172286175365,-0.0013115801831416923
2020-04-01,-0.04604908783825917,-0.04933268764162432,-0.016623696547836533,0.006239906653357665
2020-04-02,0.02281312224661657,0.04253000988311478,0.047450936753265685,0.0051038603675523705
2020-04-03,-0.014559596848987007,-0.0027341722585121145,0.005876389217802984,0.0039848779730313096
2020-04-06,0.06500664687735606,0.0627829641262988,0.05138956526549764,0.001093065225506391
2020-04-07,0.0010190841721416195,-0.003434238874119926,-0.005197941913746649,-0.0070763146128082245
2020-04-08,0.03301729368073936,0.027776660757339897,0.01619253350941958,0.0013992944349989708
2020-04-09,0.015102765754879895,0.0243764703756946,0.007662250526564014,-0.0060108987368511415
2020-04-13,-0.009172177488928138,-0.04316326557966423,-0.020717568097805672,-0.001709641620417164
2020-04-14,0.02906630032114457,0.041529186792948036,0.055790721804249044,-0.0046408385293312685
2020-04-15,-0.02147707353941388,-0.02714336052214692,-0.024651139999387665,0.005747428971737732
2020-04-16,0.004812802945917233,-0.010770005834220947,0.004507569541758742,0.005714584712106837
2020-04-17,0.026656807727133407,0.02017735776950037,0.013983233735728625,-0.002502378594773782
2020-04-20,-0.01777490794424978,-0.03235301162425634,-0.0220518187852242,0.0018023466088692777
2020-04-21,-0.030833895527599176,-0.02502571761690834,-0.02719658505226533,0.0029967363344493643
2020-04-22,0.021951995744715652,0.0065890185287836595,0.012748693529712755,0.001295761481367019
2020-04-23,-7.189411972172843e-05,-0.01344369336722345,-0.017955573941209356,0.00039837582030818376
2020-04-24,0.013842568291556907,0.007955761917573578,0.030990447561931266,-0.000498013578997181
2020-04-27,0.014315400006135392,0.0292830854603503,0.0007440974944859076,-0.003392841703910894
2020-04-28,-0.004609081468722404,-0.0008553950116832977,0.013738375716537646,-0.0017007474044158
2020-04-29,0.02584162168410912,0.008097156075217327,-0.021952991345541302,-0.0030084564215593027
2020-04-30,-0.00935407269279224,-0.02645025542693648,-0.008055762656180186,-0.005539095303350765
2020-05-01,-0.026830156076802246,-0.00633951961414393,-0.016385712983124644,-0.0022241803896464697
2020-05-04,0.0027542579744075845,-0.010138899924376357,0.005975772605378473,0.006859017037953738
2020-05-05,0.009197075480388,0.005743304188784735,0.005712245784654955,0.0023093109787881917
2020-05-06,-0.0068018432337893465,-0.014420674798284135,-0.006782203504183418,0.003803780983961886
2020-05-07,0.011994668054455808,-0.0033576850324735087,0.005870530373547122,-0.0020001702089409
2020-05-08,0.016410739429687335,0.03329610176125897,0.020167552272631475,-0.0016030063598269273
2020-05-11,0.00020517706805016066,-0.01243878864828526,0.0011169600417695145,0.0051007212026602895
2020-05-12,-0.020132928792684072,-0.015936605577541767,-0.010773811220613197,-0.003097345349061247
2020-05-13,-0.017844170246741512,-0.01982943837654869,0.00015057289799672247,0.00309734534906125
2020-05-14,0.011896308669400026,-0.005476818149605674,0.0009021285283477258,0.0022918983474946534
2020-05-15,0.004586464308948562,-0.010119791075810689,0.02133661745635311,-0.0006969651685236173
2020-05-18,0.030004899461101894,0.03876719018355955,-0.0031678632045461464,-0.007297511847432846
2020-05-19,-0.010324269137855134,-0.009607855302306486,-0.02836495856713096,-0.0030144257249692962
2020-05-20,0.016845325207939663,0.029859480365773385,-0.003574187600246179,-0.002519019852671667
2020-05-21,-0.006927868222618397,-0.01581418000388378,-0.008031542135833581,0.002519019852671609
2020-05-22,0.0018973231857895604,-0.003104036891272965,0.002071415712224824,0.004918926301312116
2020-05-26,0.012245207941793533,0.023267065890836453,-0.005610377415412941,-0.009558828408124451
2020-05-27,0.014769450257181826,0.01379026596979187,0.008136361853210766,0.001515319737947648
2020-05-28,-0.0018467070588216734,0.0076743140251593275,0.011250499104976377,-0.006888199065259023
2020-05-29,0.004446130582022058,-0.008744838219717893,-0.005609367723727476,-0.00040667870457291216
2020-06-01,0.004033535860499307,0.00661903696044525,0.010886852660383422,-0.005199527558490491
2020-06-02,0.00824601104069464,-0.0019171603605402483,-0.002710606830089925,-0.0016368664740114463
2020-06-03,0.013220443689867793,0.021097836746531932,0.001431435754317058,-0.004001025042514643
2020-06-04,-0.0026300034137748726,0.00041738984505940553,-0.009353265727189808,-0.006186846677672824
2020-06-05,0.02530635057787805,0.02412251607389822,0.014220315531961526,0.0026856966101067147
2020-06-08,0.012015138788534947,0.015362964853212972,-0.0017382437501699554,-0.003306468049043464
2020-06-09,-0.007484623837358532,-0.01719803645085363,0.005731889881150974,-0.0031098091607432428
2020-06-10,-0.0055955327393540566,-0.007785521347068857,0.008686039483314261,-0.0037445499613823646
2020-06-11,-0.0593775281033601,-0.06544377915911721,-0.04803011156982186,0.007992198467841808
2020-06-12,0.01190458103131764,0.010360498835696104,0.009032964959978594,0.006080887880907707
2020-06-15,0.009292184632006052,0.015234184706897119,0.011407538694811115,-0.0065979557876870015
2020-06-16,0.01906491544239762,0.010100091723515184,0.009078763972417367,0.002891953886846593
2020-06-17,-0.0041624040800748085,-0.004070642740495737,0.0006832571807884407,0.0020606289468201085
2020-06-18,0.0003848134844774555,0.008763489420555636,0.007711622390357744,0.0026723677574220592
2020-06-19,-0.0057313100696852175,-0.020858791161105058,-0.011361206855985736,0.0020509090115185353
2020-06-22,0.006394805375598984,-0.00610287199464902,-0.0017533770230682838,-0.0059591445241145916
2020-06-23,0.004592977098068518,-0.002188642626994567,0.0023625767837605585,-0.0036132643250425932
2020-06-24,-0.025839693012065602,-0.02193015487570195,-0.013797479540979372,0.004746181784583317
2020-06-25,0.01066356068184331,0.006251390636908698,0.014178153133285515,0.002877983039635605
2020-06-26,-0.024038157142217575,-0.030736835363983982,-0.019052670476683735,0.0007182034342949106
2020-06-29,0.014590578929703741,0.017969300880697,0.016538321938160905,0.0004101816642783301
2020-06-30,0.012728349424420835,0.007187795428778953,0.008961765409572223,-0.0015390299620584962
2020-07-01,0.0069803664903961005,0.003128481627405072,0.0007557869639269021,-0.001952849636313679
2020-07-02,0.005491690991445498,0.001337762423025072,0.0036952754073763814,0.0012338347098170114
2020-07-06,0.015319511369137348,0.0077682915311071115,0.0033815518284328995,-0.005460822159623259
2020-07-07,-0.010367503567006879,-0.0004423302061831469,0.002023526519044756,0.0009293782745837542
2020-07-08,0.007619663229757803,-0.0031013651446270976,0.004854411796457638,-0.004655711207453064
2020-07-09,-0.005709248197852727,-0.026074749104762228,-0.011313822811093896,0.0027960112131901233
2020-07-10,0.010158837813622715,0.02784821010537052,0.013100512817880768,-0.0005171494582061529
2020-07-13,-0.00869681463465286,0.0022124560020128125,0.003341012489821761,-0.0019678162924543765
2020-07-14,0.01287587482111451,0.013608558827318457,0.004511339940170858,-0.0020755190823018837
2020-07-15,0.009145195037659362,0.0114882019415312,-0.01359553932875285,-0.0018716892379267032
2020-07-16,-0.003298863947711551,-0.0054025738561517085,0.0014203158739912554,0.002806182194208918
2020-07-17,0.002894898536171423,0.014413456268088602,0.005809052933305462,-0.004264357502404642
2020-07-20,0.008049132863778992,-0.015063707035249028,-0.011577192523611108,-0.0011472140581443113
2020-07-21,0.002125354300209076,0.023147177438939102,0.00986762966575872,-0.007436526205550686
2020-07-22,0.005675790933289575,0.026757472020636986,0.011684767860199402,-0.0015782161490156016
2020-07-23,-0.012003403671925074,-0.004133987250856199,0.00783636015461184,-0.0029526413298705746
2020-07-24,-0.006461142851933103,0.004340177783251037,-0.007468641121540005,-0.0026436857098438593
2020-07-27,0.007265906212270125,-0.00020619053239467062,0.011763531174626595,-0.008186790395604068
2020-07-28,-0.0063625747218412744,-0.006207366421192593,-0.0021087038353024353,0.0009604009396220613
2020-07-29,0.012223667330925322,-0.003326440022421276,0.003995371074148671,-0.005347034326374444
2020-07-30,-0.0035741948474614987,-0.0068958666326867585,-0.0017413598704169903,-0.0025768265787047538
2020-07-31,0.007870963705498644,-0.009480608310221654,-0.0002179118901474995,0.005039968145744427
2020-08-03,0.006928262809451474,-0.020099190779464312,-0.006998256922995107,0.00010698044124570928
2020-08-04,0.003855148981526463,0.00838802736332549,0.005616968255195016,-0.001284276164808909
2020-08-05,0.006191638339894934,0.01128765781557505,-0.008914160398048808,-0.00590727699317517
2020-08-06,0.006662350019621467,0.005490968713762246,-0.002866471671266443,-0.0004309979049096572
2020-08-07,0.0007177901928147985,0.006717137486494481,0.006456319166945284,0.00698065997623259
2020-08-10,0.002984351435779221,-0.001674976603963623,-0.0055736479993217245,0.0014971597968210537
2020-08-11,-0.008288937846564917,0.00439091592302045,-0.006344450931939526,0.0005341106115732474
2020-08-12,0.013845995692426451,0.01037782539897978,0.01964002655855173,-0.002031270408394264
2020-08-13,-0.0018093528194366802,-0.001032900634035654,0.0021747759946389466,-0.0010708439203949483
2020-08-14,2.9699990103618048e-05,0.0014458273596350173,-0.0039180085701885775,-0.0025745333942405785
2020-08-17,0.00317162149888852,-0.004965919984789068,0.00261382456066171,-0.0026888965284360593
2020-08-18,0.0021580465069779673,0.004346465938102852,0.0013766710106879092,-0.006266246156081086
2020-08-19,-0.004172515097476224,-0.021923747281899855,-0.012092366647980647,0.006696965619910175
2020-08-20,0.0031088148800871153,-0.00042242627695562526,0.0019768590543719137,-0.0010771055969901347
2020-08-21,0.0035411240406239817,-0.0014793574862992651,-0.0019034955429196381,0.004945173292177445
2020-08-24,0.010082182401703044,0.0144885257993743,0.008610075045223486,0.0005360820384595766
2020-08-25,0.003493112926361243,-0.001251700410127082,-0.002473199797770354,-0.0030056528547335207
2020-08-26,0.009975695576486199,0.005204623125740423,0.008485329327974437,-0.00010745048552533449
2020-08-27,0.002184205379259587,0.0014523456272157252,-0.0005057453860903968,0.0
2020-08-28,0.006438622005877774,0.032636066863261905,0.011065829393865832,-0.006904756883039733
2020-08-31,-0.003629179831147219,-0.006038686847420702,0.0008570598255625712,-0.002493127455491018
2020-09-01,0.009374529357363272,-0.008312286745994567,-0.006230983146326378,0.002168224536276038
2020-09-02,0.01436044528092656,0.04127792123441346,0.02903066653785363,0.0055078939450372375
2020-09-03,-0.03502041386864741,-0.013967026729545515,-0.020573304034406548,-0.0011854154362119266
2020-09-04,-0.008198321166507204,0.011032532057357224,-0.004386431579927533,-0.00021564373172236047
2020-09-08,-0.02770316584101105,-0.02439394173880075,-0.023405269625493236,0.008163333384396777
2020-09-09,0.019555032291264273,0.007600073814574301,0.011442901533748603,-0.002356231295015289
2020-09-10,-0.017516192049339983,-0.003792816784415461,-0.017288048655543144,0.0008573870012291349
2020-09-11,0.000508945318283697,0.020978422856717915,0.007761413571528736,-0.00010708209078612866
2020-09-14,0.013085369719460092,0.0011839224091141375,0.006312490915504819,-0.002789724278171819
2020-09-15,0.005039580982165589,0.006682367262443153,-0.007712385209297751,-0.00021487903340062237
2020-09-16,-0.00397662901664434,-0.005106109448212969,-0.004730262846517787,0.0017179863656381284
2020-09-17,-0.008834086371312826,-0.00473647864710774,-0.01327486950561875,-0.0025781286530227113
2020-09-18,-0.01157951700657534,-0.0019802119147254225,-0.013073129684196008,-0.0004303487446622587
2020-09-21,-0.011191977985056901,-0.02732736147867406,-0.001750932396895226,0.006542637232109398
2020-09-22,0.010132963430418081,0.011544421932324418,0.006909845832998817,0.004799208818646536
2020-09-23,-0.02346406850845018,-0.029633390737859207,-0.008740195765093328,0.004246757966643636
2020-09-24,0.0026618624958131823,0.010112653634196606,0.00441765383534047,-0.00042387322855773867
2020-09-25,0.01603758666785275,0.00041062811321978626,0.014860933399813078,0.0024348009335587576
2020-09-28,0.016473019858949414,0.011428549151365541,0.032560312897741035,-0.003389112416825154
2020-09-29,-0.005460910878704446,-0.007331914502465647,-0.005888044225865958,-0.003933066389008079
2020-09-30,0.007553296457762529,0.00915658362089475,0.01044398516344552,0.0
2020-10-01,0.006399485458503636,-0.0038558858997301284,0.015748223281270783,-0.0019189804038083074
2020-10-02,-0.009539754102302083,0.0036534147301138954,-0.019652059467813027,0.0013862679542446295
2020-10-05,0.017577581489198007,0.0004050595473131335,-0.000942002790509894,-0.0035227600278867426
2020-10-06,-0.014317845877942997,-0.008950469960312516,-0.01629975941926701,0.0034162485242590543
2020-10-07,0.01725692723989324,0.012589035526514905,0.009607208955002802,-0.002133838200181357
2020-10-08,0.008823378296179452,0.01799692824651504,0.006112388949905093,-0.00021359371256752206
2020-10-09,0.008890476858838208,0.006912249705076357,0.004270841978128069,-0.005892801722059076
2020-10-12,0.015959682498262143,0.005495450615278903,0.026305069852720575,0.00010747473687942946
2020-10-13,-0.006547542964221926,-0.017175305987511356,0.00987159965823718,0.004930332476371583
2020-10-14,-0.006303208099024889,-0.001993314913967753,-0.0071313470343373365,-0.0016050672651663613
2020-10-15,-0.001236731467907362,-0.0025970137016790677,-0.007677588071262764,0.00512715673922596
2020-10-16,-0.0006043720810623908,0.0007996736127235324,0.0021189865781882657,-0.001919594321955695
2020-10-19,-0.015320253002369945,-0.008228800964291441,-0.014569649692798683,-0.0026722264758808198
2020-10-20,0.003997784226166115,0.012616583196612026,0.00021490303476874074,-0.003860601152594575
2020-10-21,-0.0018946843825575286,-0.005187455845044175,-0.0007877938510481594,-0.004954761145891666
2020-10-22,0.005470222875332647,0.013708252043215331,7.164327375263134e-05,0.0036645475624652473
2020-10-23,0.0033894705343732344,-0.0031620174533772954,-0.00035826770738478427,-0.0019384058555723712
2020-10-26,-0.018652716068978035,-0.014354284762292271,-0.01080623371409464,0.0030137404055984125
2020-10-27,-0.0034533970049538784,0.002005953813785671,0.00764849165268364,-0.0011828659597670666
2020-10-28,-0.03477679668948062,-0.039653684283607646,-0.036229197239057036,0.00504429516397936
2020-10-29,0.010112241808403623,0.0012502853266944671,-0.0013424857736306051,0.00587070495747413
2020-10-30,-0.010479572954379875,0.000832710122648833,-0.005238069324292941,0.0008510833604655255
2020-11-02,0.011146095662367907,0.011584670548516715,0.013858065677343804,0.00010635478790935434
2020-11-03,0.017501791848521134,0.014902745958935579,0.013887618446384075,-0.0053305028535134726
2020-11-04,0.02210322650764767,-0.0036540774537736835,0.005965851819912587,-0.0014976402523354752
2020-11-05,0.019315035790566017,0.005476239743678148,0.001377390121581411,-0.00946554202101199
2020-11-06,-0.00022850190498590152,0.00020222256890164452,0.002387554068523831,-0.003247409423384976
2020-11-09,0.012487399863217544,0.061183536809743796,0.0005055890809375419,0.005406587368252306
2020-11-10,-0.0014675525346548013,0.026467928838994518,0.0233441286233619,0.00021562047425022007
2020-11-11,0.007401084393085738,-0.007437648132073888,0.015265180046814328,0.0031218165630121798
2020-11-12,-0.009748329761750048,-0.010695353391475721,-0.0004170081467034605,-0.000860234795571637
2020-11-13,0.01374958998618211,0.008266103233563065,0.006030364894349813,-0.0021537478380029952
2020-11-16,0.012405191878831717,0.007455743265957232,0.007229568981725298,-0.002050423634564982
2020-11-17,-0.005392798193251701,-0.00316185214904525,-0.003573765028854723,-0.0016217261526176997
2020-11-18,-0.01210784060343422,-0.020134330513077815,-0.012889094210172819,-0.0010825861756400778
2020-11-19,0.00420137590867361,0.009835546225289699,-0.0004186296113251963,-0.0003249962565596812
2020-11-20,-0.00687133382740137,-0.008695780160901525,0.0006974010991815712,0.0010829378788029204
2020-11-23,0.005976462739871114,0.00018989656181541027,-0.002792854661433389,0.0012980287987114857
2020-11-24,0.015985318261509156,0.010198368613401105,0.007037172941169327,-0.0030312762300720403
2020-11-25,-0.001542857079781725,-0.005463891065288528,0.0009021248297688228,-0.002605641378396873
2020-11-30,-0.004436977096793698,-0.01328342495291064,-0.002561972701681223,-0.0013052880868730356
2020-12-01,0.010877887163787672,0.00849107490847288,0.012676790692536561,-0.0061142802890798535
2020-12-02,0.0021015356111974606,0.001344103278488854,-0.009976490629547346,-0.0020829346092942
2020-12-03,-0.00027261938822414515,0.012775464634001052,0.0059226470519555385,-0.004509754747449625
2020-12-04,0.008580743146820701,0.020070052728750423,0.009645331614576414,-0.00011027105958152141
2020-12-07,-0.0020571332006706676,-0.01609913160464862,-0.0032966137370761235,0.0009918339933096278
2020-12-08,0.002921955558933578,0.00357918401149551,0.0010314462022202383,0.0019806377850375553
2020-12-09,-0.00900929242419028,0.002816612083145514,0.0011674679171105623,0.0013181933008047464
2020-12-10,-0.00032716593601274174,-0.005264158264889131,-0.007025768531033941,-0.0032988310858422898
2020-12-11,-0.0011732945399199276,0.005639132063438809,0.002071474889904379,0.002090581571670238
2020-12-14,-0.004487189451028465,-0.0015006668144098277,-0.005117521420468054,-0.002972144505398307
2020-12-15,0.01342882244639595,0.01064333600451061,0.003736979376235454,-0.0026492770033932304
2020-12-16,0.0015681199047555214,-0.014593343735396851,0.0008286180706556645,-0.00022113942897322524
2020-12-17,0.005576379027994793,0.00395000773088624,0.005643602308013487,-0.006989513839627397
2020-12-18,-0.004000812805481392,0.008784295484612587,0.008337804071527517,0.002224166311855897
2020-12-21,-0.0035819848972561165,-0.017457089410710974,-0.010467685893939337,0.00022219563272770309
2020-12-22,-0.001686862216897667,-0.0009472544061963949,-0.009536331618013622,0.00675192782696248
2020-12-23,0.0008982756955778475,0.006046922133588534,0.002704333074379377,-0.0026510327786479215
2020-12-28,0.008554108461308654,0.013383116514607675,0.012672619845697232,-0.0007746315653602198
2020-12-29,-0.0019095762172764415,-0.000554062533913108,0.003465596021585524,-0.0036594906872421005
2020-12-30,0.0014257939352910545,0.0057105391589876734,-0.0007465529048572439,-0.00423074427653805
2020-12-31,0.005067914145223442,0.0073207966465880115,0.0066981605741832165,0.0034527537616808692
2021-01-04,-0.013707553842516956,-0.038666640428092015,-0.027550752515523518,-0.0006673917285882162
2021-01-05,0.006863738673050446,-0.011053992874088337,0.0029760385308788763,-0.004907380055435235
2021-01-06,0.005960788663256395,-0.032329951941829804,-0.012307615303379798,0.0010057143081235833
2021-01-07,0.014748190377174312,-0.011146686601875412,-0.0032234578181509314,0.0033452646131757638
2021-01-08,0.005681552968358882,0.02217041716022468,0.011930910398686014,0.003001132054229774
2021-01-11,-0.00676361827892632,-0.017378043640883984,-0.014601787648825918,0.004871604440768277
2021-01-12,0.00021112182208988785,-0.001794420717745708,-0.004655776135678346,-0.005426646608110303
2021-01-13,0.0026893390854497734,0.000997323650236676,0.008168534067521835,0.0029938109510210544
2021-01-14,-0.0035081208080725546,-0.01871475919407949,-0.0058379364707015656,-0.0008861523855963913
2021-01-15,-0.007319395327907251,-0.010824087401466046,-0.002613483649970122,0.005966219504508901
2021-01-19,0.007821355914012139,-0.003909163682214736,0.004727545245288061,-0.0030891328756101786
2021-01-20,0.013743781769331517,0.0034982994782750613,-0.0051519148047633676,-0.0003315331753251212
2021-01-21,0.0009112974877836583,0.005531128066204618,-0.012244770037556581,-0.0037652754357980836
2021-01-22,-0.0035457210361923,-0.009441741514619762,-0.007332864163053528,0.0012197219822246497
2021-01-25,0.003936091519038467,0.005962771769289414,0.0114072636462468,0.0016608709809143483
2021-01-26,-0.0015621569864087582,0.010400808732606326,0.011490371568293365,-0.002436877852775829
2021-01-27,-0.02474412022372318,-0.015539042637947507,-0.026874192897592998,0.005309196828380764
2021-01-28,0.00856346204986336,0.01269474795478999,0.008296509867365817,-0.002098200104601342
2021-01-29,-0.020222686444686007,-0.02055572537978359,-0.019002525382213635,0.001325704413947183
2021-02-01,0.016508491948745537,0.006830138868622683,0.0029974480380330426,0.004845767364374155
2021-02-02,0.01404115877940623,0.009852283119882637,0.010168772563644311,0.0019756379108075155
2021-02-03,0.00078600934840437,-0.0038882052976430977,-0.0026049994437391927,-0.0008775143366304055
2021-02-04,0.011301564554352293,0.00490894276340586,0.011955468345330447,0.004489424778644839
2021-02-05,0.003928171124375529,0.012974040026614972,0.009122072362774897,-0.005367793625702383
2021-02-08,0.007195966125471307,0.005423282487107381,-0.003980630201672001,-0.0012089973403572323
2021-02-09,-0.0006660826002171365,-0.004416723385209151,-0.005714274703802063,-0.005403308689452706
2021-02-10,-0.0004356919473392111,-0.0020141323859420995,-0.01370388904669141,-0.0007742900980358769
2021-02-11,0.0016137230914744127,0.014014317625128657,-0.02002479926331985,0.000553077309414763
2021-02-12,0.004927625254336951,0.007723502268885689,-0.008183487262408456,0.000663407293342946
2021-02-16,-0.0008664227919513963,-0.008320095999287583,0.003802531687329713,0.0003314965319752256
2021-02-17,0.00022955381791187805,-0.002788845644769265,0.0005951929014429404,0.004849505968666421
2021-02-18,-0.004265126422612324,0.012686005038546094,0.006744873214795886,-0.003966080153793787
2021-02-19,-0.001767482813637876,-0.013085069326633907,-0.021353593795005458,-0.002542092901632561
2021-02-22,-0.007721563171560028,0.010323727148211304,-0.003931887196182466,-0.003880899352217214
2021-02-23,0.0012136691506405691,-0.0017792437546983425,0.005967369424315151,0.001775958202869379
2021-02-24,0.01095909932515742,0.0033580216168736642,-0.005210085280683206,0.00011091917189185196
2021-02-25,-0.024390767784927565,-0.010705944077506389,-0.015948978574043017,-0.0005546342822547459
2021-02-26,-0.005165984887155271,-0.023800948318273996,-0.006250298300072795,0.008836940999226028
2021-03-01,0.023951008424899906,0.018404763431911254,0.011008063507230739,0.0012089973403573277
2021-03-02,-0.007833741791595577,0.004000070750892171,0.003439260294640682,-0.002749822966663785
2021-03-03,-0.013334211950793954,-0.002398137379643444,-0.014834393797822497,0.0017607139422175999
2021-03-04,-0.012452067754569815,-0.0008006071109661502,0.005549764716091706,0.0074488275925241945
2021-03-05,0.0182294439044241,0.0168771682577191,0.032080975286656425,0.003812499605701192
2021-03-08,-0.0049911795505582736,0.016597050505175903,-0.006788424822440933,0.003581252946033692
2021-03-09,0.014176505039997905,-0.015219737547898755,0.0009077515472546373,-0.0037987616148852333
2021-03-10,0.00620525210309564,0.011339263053504961,0.01000651249103573,-0.0018503207341171804
2021-03-11,0.010088118431629496,-0.010946082360277684,-0.0026986701049879027,-0.004039116330591091
2021-03-12,0.0013458861945908427,-0.0019837834038394656,-0.0013520710327362935,0.0028400034205757637
2021-03-15,0.005945837367216949,0.013216413782983136,-7.509807812523774e-05,0.001634805269908301
2021-03-16,-0.001262018652706103,0.0037164708649094877,0.007339703217703468,0.0004355026147282135
2021-03-17,0.0034040183951199454,0.00039042097689751817,-0.002914511955286914,-0.00512906902515026
2021-03-18,-0.014656538170963138,-0.013162040668238287,-0.008190899287245246,0.004911299893786582
2021-03-19,-0.001852010257572063,0.004734742986016693,0.014755216627255313,0.0007618185720016525
2021-03-22,0.007953202873834714,0.0037323815462425866,0.024239130844002334,-0.001306282750416477
2021-03-23,-0.00790187120010938,0.007618000527357697,0.01197449271000531,0.0058650465498778625
2021-03-24,-0.0050964782425408865,0.0025264914326480984,-0.00467179169979747,0.0020555256485557784
2021-03-25,0.005609807243391898,0.009658195920980132,0.005890112122672537,0.0037754047499120994
2021-03-26,0.015986492321986897,0.01941807164865767,0.021748315876822723,-0.0011850323387107644
2021-03-29,-0.0005051858610546009,0.015156011138507274,0.014678010220515915,0.0018308744458312438
2021-03-30,-0.002656498546392702,-0.013084265780045764,-0.015799904034395663,0.003865990636925039
2021-03-31,0.004045146023569603,-0.008312932290645097,-0.0076763492549295955,-0.0007505462467723903
2021-04-01,0.010741134041285303,-0.0038015849771121523,-0.0012025265811939415,-0.0032230694624324537
2021-04-05,0.014251112432364694,0.005697008036244019,0.01321924780390787,-0.0035573996792200506
2021-04-06,-0.0005907329118513894,0.007169788576798114,0.0035560154325439152,-0.002811747754088444
2021-04-07,0.0011565686090797124,0.0016905802500212742,-0.0018112590060974203,0.0012987312383333544
2021-04-08,0.004735565256263182,-0.0030074949904641186,-0.006085128394230852,-0.0043355967888385
2021-04-09,0.007243875465372355,0.0011288798847885941,0.00021057227054496215,0.0010857248146441691
2021-04-12,0.0003645240750859169,0.003191577776457775,0.0031513402796184762,-0.00021708380041506674
2021-04-13,0.0029592527699087616,-0.004885339654834802,0.000209758161000884,-0.0031523578351867953
2021-04-14,-0.003420956101809101,-0.00018838906553484994,-0.006592809136593779,-0.0017434463598541732
2021-04-15,0.010685185459418135,0.004698823878794519,0.0014063562867353769,-0.0002181966892856798
2021-04-16,0.0033368177445739565,0.006541451497058248,0.012915988784539813,-0.001200683579453269
2021-04-19,-0.004925160264303957,0.005943573524311924,0.004084343541320931,-0.005366030191090142
2021-04-20,-0.007348465315618315,0.0031431890466311918,0.0066103069925178715,0.0018649357741515197
2021-04-21,0.00941759487501885,0.00808978433281283,0.008678065649633783,-0.0008771294530661436
2021-04-22,-0.009175014483980507,-0.0031178949793974524,-0.006210435824146618,0.0018630962025528643
2021-04-23,0.010784027655828489,0.0005509485297527445,-0.001644444920331691,-0.005159473703611282
2021-04-26,0.002085442052692998,-0.014982271737363453,-0.017082621526878648,-0.0005504822317883477
2021-04-27,-0.0002154984135037072,-0.0014919320610331586,-0.0032838970982358804,0.0011006615996028458
2021-04-28,-0.000287501279967499,0.00018663120966961715,-0.007445911059382507,-0.0033054574465683894
2021-04-29,0.006352589362585387,0.0124247556924015,0.014767383856767525,0.0
2021-04-30,-0.006592188005927888,-0.005173672477916132,0.0015272103887349917,0.007367103210650321
2021-05-03,0.0021544703461942234,0.009220071450514601,0.01124344547136484,-0.003621820770754076
2021-05-04,-0.006188423319001105,-0.006260420551883063,-0.012631741545183558,0.0037313911958753746
2021-05-05,0.00031274055627063176,-0.0025891884541891005,-0.00048633796063789485,0.00021902128492277538
2021-05-06,0.007953851668509595,0.009950323806154928,0.01153921760624669,-0.003950412480798082
2021-05-07,0.007251627181859999,-0.0005502412078738231,0.0,-0.007947868199300788
2021-05-10,-0.009951708971628061,0.007311351998604883,0.007937699443031833,-0.0002217276908914321
2021-05-11,-0.008964857937922625,-0.010803049274002654,-0.007319637478771373,-0.0007762650283509166
2021-05-12,-0.021474109417284736,-0.00516794302937396,-0.009797218206042176,0.006303584042597337
2021-05-13,0.011940893728558232,0.00865964030477167,0.014728429913260151,0.0004408786110115878
2021-05-14,0.015238650377787141,0.004027878204073674,0.0015018751074979192,-0.004749556682382034
2021-05-17,-0.002547785765757717,-0.0016458238878786088,-0.0028691953627313343,-0.0011077709520344369
2021-05-18,-0.008652973393591222,-0.005505607510387912,-0.004525509781375943,-0.0052231181421554815
2021-05-19,-0.0026252554234010546,-0.0031333403574571347,-0.0005499569444677012,0.0048905558788174585
2021-05-20,0.010700522173882586,0.008822029153106018,0.012301094905471825,-0.0042222827484724775
2021-05-21,-0.000819075558469376,-0.0005492037088964652,-0.0008832694345839525,0.002335530075077542
2021-05-24,0.010142659778608917,0.0032900757511769045,0.005085565157056171,-0.0021128149491412614
2021-05-25,-0.0022211448801850806,-0.00018243982701490944,0.003039074627943635,-0.0021173735008629168
2021-05-26,0.00198255810754281,0.004370792410993401,0.0,0.004452384082731797
2021-05-27,0.0005248011764972387,0.008324373555620851,-0.012143707235479006,-0.0007777312096204108
2021-05-28,0.001787150447139653,-0.003610784445115753,0.009713228418320816,0.0006666395646189669
2021-06-01,-0.0008812111403317746,-0.00018096187298129383,-0.0020976620936469753,-0.00222391893686749
2021-06-02,0.0015713299973528219,0.003971884888153098,0.003988533256224685,0.0007789428259739803
2021-06-03,-0.0037182456434595263,0.0025193675860189896,0.0035615178812012926,0.006651892255236875
2021-06-04,0.00910432080634824,0.010725872831999604,0.001150541036568821,-0.003985840214529354
2021-06-07,-0.0009706503898112563,-0.0035625463746281915,-0.0006089268364046821,-0.00211008402207819
2021-06-08,0.00021311495282915011,-0.006983604408570216,-0.00938402714973296,0.0014442582490908809
2021-06-09,-0.0014930497825396457,-0.0030595377829863166,-0.0018462686035340043,0.0004439613226216678
2021-06-10,0.0046376457945462475,0.0077206658987669236,0.010214592985162627,-0.00044396132262167307
2021-06-11,0.001651113815074031,0.00446151307607144,0.0006095454507288116,0.005314402777517413
2021-06-14,0.0022364200091613256,-0.003414481377536302,0.005940777978528741,-0.00044180381553857363
2021-06-15,-0.0018358061332064146,-0.0025234222258940136,6.72690999951123e-05,0.00022096843932471071
2021-06-16,-0.005599025136696957,-0.013445000711414546,-0.010010876947676307,0.006495276249203503
2021-06-17,-0.0003316814582604884,0.005108615319832029,0.00960698897610583,0.008305174501724853
2021-06-18,-0.01358222097457119,-0.02170799539892639,-0.021093563445366073,0.003693290774446161
2021-06-21,0.01421443907866227,0.010912901175944336,0.007808789637334162,-0.004019808103027498
2021-06-22,0.0053319558957808455,0.0036724381945996394,0.0014999745326138912,-0.001416169424641615
2021-06-23,-0.001206038275566232,-0.00809725513896296,-0.013236092448207726,0.0007628147526204546
2021-06-24,0.005898330097850598,0.004976518646575507,0.00564501053881486,0.00021780462745181454
2021-06-25,0.0035457628657765165,-0.0012878245807788563,0.005067153327115851,-0.00010893793377954368
2021-06-28,0.0020139007430977347,-0.0011052013353226179,0.004293682729144253,0.0007621503640877158
2021-06-29,0.000537930442515654,-0.007399177581367863,-0.0006802561401158068,0.0018485929045953247
2021-06-30,0.0008413231950273803,0.004630924218833816,0.008335894055728075,0.00422787098454316
2021-07-01,0.005521325035644198,-0.0027760085616962303,0.00020244140698167818,0.0017293133570677275
2021-07-02,0.00761447541383626,0.004068827916800136,0.004779428925055159,-0.004003631528917665
2021-07-06,-0.0018231322201708873,-0.005552470923448976,0.0014763203217939276,0.003463578348616495
2021-07-07,0.0035278257625641373,0.008133106266201867,0.004415826842084081,0.0009719352426031079
2021-07-08,-0.008181371774258997,-0.003503897091035711,0.0004672606502149773,-0.003027016141569704
2021-07-09,0.010618205050717838,0.006077889893314006,-0.002538952973851383,-0.002493397785878349
2021-07-12,0.003575519743758136,0.0003671830042318827,0.0002006674495959542,0.001084900336228455
2021-07-13,-0.0034147884341721576,0.009863110377538892,0.022813249711329284,0.005622207842502494
2021-07-14,0.0014911026849908,0.02228700941122551,0.010276425865183111,-0.003672463958666739
2021-07-15,-0.0034213749975135267,0.0031943294251337434,0.0045838017523546016,0.0022698931780359122
2021-07-16,-0.00787451950063324,-0.0007089170941347092,0.0036648210934788505,0.0007554875203056658
2021-07-19,-0.014878052663657744,-0.01195059219111273,-0.00012838888275676277,0.002155372601518178
2021-07-20,0.014228704817839114,0.00179279875174523,0.0001283888827568142,0.000860882769104438
2021-07-21,0.008063698904327666,0.012813796951479571,-0.003729200021383529,-0.0023691721102975303
2021-07-22,0.0020919392091566717,-0.0014156437691274476,-0.00032215347042616925,0.0007544290376617758
2021-07-23,0.010235435525559838,0.009517116300281167,0.012741410425119762,0.0009691915436784198
2021-07-26,0.0024518414542581742,0.0008767082509748431,-0.0006999863551528477,-0.0028023528682347702
2021-07-27,-0.004567986877577146,0.003498900504047182,0.005523617042019089,-0.002377364622267452
